"fileName"	"mapBlock"	"ptrOffset"	"strOffset"	"strBytes"	"strText"	"translation"
"BARMAP"	"block1"	"1E00"	"202C"	"131 111 176 162 131 129 131 138 176 131 95 131 98 131 78 131 114 131 139 163 130 197 189 161"	"バー「メリーダックビル」です。"	"It's a bar, ""Mary Duckville""."
"BARMAP"	"block1"	"1E02"	"1F28"	"131 71 131 108 131 139 131 77 176 130 204 147 88 130 197 189 161"	"エネルギーの店です。"	"It's an energy store."
"BARMAP"	"block1"	"1E04"	"1F0F"	"143 67 151 157 141 72 143 234 130 197 189 161"	"修理工場です。"	"It's a repair shop."
"BARMAP"	"block1"	"1E06"	"1F1C"	"149 144 138 237 201 147 88 130 197 189 161"	"武器の店です。"	"It's a weapon shop."
"BARMAP"	"block1"	"1E08"	"1F3A"	"131 112 176 131 99 201 147 88 130 170 177 216 207 189 161"	"パーツの店があります。"	"It's a shop with parts."
"BARMAP"	"block1"	"1E0A"	"1FDA"	"143 100 151 205 131 74 131 94 131 112 131 139 131 103 201 131 96 131 70 131 98 131 78 131 74 131 69 131 147 131 94 176 130 197 189 161"	"重力カタパルトのチェックカウンターです。"	"It is a check counter for gravity catapult."
"BARMAP"	"block1"	"1E0C"	"1FDA"	"143 100 151 205 131 74 131 94 131 112 131 139 131 103 201 131 96 131 70 131 98 131 78 131 74 131 69 131 147 131 94 176 130 197 189 161"	"重力カタパルトのチェックカウンターです。"	"It is a check counter for gravity catapult."
"BARMAP"	"block1"	"1E0E"	"2016"	"144 106 151 116 142 247 130 197 189 161"	"針葉樹です。"	"It's a coniferous tree."
"BARMAP"	"block1"	"1E10"	"2045"	"131 111 176 130 170 177 216 207 189 161"	"バーがあります。"	"It's a bar."
"BARMAP"	"block1"	"1E12"	"1F1C"	"149 144 138 237 201 147 88 130 197 189 161"	"武器の店です。"	"It's a weapon shop."
"BARMAP"	"block1"	"1E14"	"1F3A"	"131 112 176 131 99 201 147 88 130 170 177 216 207 189 161"	"パーツの店があります。"	"It's a shop with parts."
"BARMAP"	"block1"	"1E16"	"1FA6"	"149 115 151 112 149 105 131 117 131 141 176 131 74 176 130 170 177 216 207 189 161"	"不用品ブローカーがあります。"	"It's a shop where you can sell miscellaneous things."
"BARMAP"	"block1"	"1E18"	"2050"	"131 111 176 162 131 65 131 98 131 118 131 139 131 124 131 98 131 118 163 130 197 189 161"	"バー「アップルポップ」です。"	"It's a bar, ""Apple Pop""."
"BARMAP"	"block1"	"1E1A"	"2021"	"141 76 151 116 142 247 130 197 189 161"	"広葉樹です。"	"It's hardwood."
"BARMAP"	"block1"	"1E1C"	"20CA"	"145 229 183 197 138 226 130 170 177 216 207 189 161"	"大きな岩があります。"	"There is a big rock here."
"BARMAP"	"block1"	"1E1E"	"1FCE"	"149 172 144 133 130 170 177 216 207 189 161"	"噴水があります。"	"There is a fountain here."
"BARMAP"	"block1"	"1E20"	"1F91"	"140 154 149 168 130 170 177 216 207 189 161"	"建物があります。"	"There is a building here."
"BARMAP"	"block1"	"1E22"	"1F91"	"140 154 149 168 130 170 177 216 207 189 161"	"建物があります。"	"There is a building here."
"BARMAP"	"block1"	"1E24"	"1FFF"	"131 71 131 108 131 139 131 77 129 91 196 143 67 151 157 201 147 88 130 197 189 161"	"エネルギーと修理の店です。"	"It's an energy/repair store. "
"BARMAP"	"block1"	"1E26"	"1F0F"	"143 67 151 157 141 72 143 234 130 197 189 161"	"修理工場です。"	"It's a repair shop."
"BARMAP"	"block1"	"1E28"	"1F1C"	"149 144 138 237 201 147 88 130 197 189 161"	"武器の店です。"	"It's a weapon shop."
"BARMAP"	"block1"	"1E2A"	"1F3A"	"131 112 176 131 99 201 147 88 130 170 177 216 207 189 161"	"パーツの店があります。"	"It's a shop with parts."
"BARMAP"	"block1"	"1E2C"	"2068"	"131 111 176 130 170 177 216 207 189 161"	"バーがあります。"	"It's a bar."
"BARMAP"	"block1"	"1E2E"	"20CA"	"145 229 183 197 138 226 130 170 177 216 207 189 161"	"大きな岩があります。"	"There is a big rock here."
"BARMAP"	"block1"	"1E30"	"2073"	"131 111 176 162 131 130 131 147 131 112 131 139 131 105 131 88 163 130 197 189 161"	"バー「モンパルナス」です。"	"It's a bar, ""Montparnasse"". "
"BARMAP"	"block1"	"1E32"	"1F0F"	"143 67 151 157 141 72 143 234 130 197 189 161"	"修理工場です。"	"It's a repair shop."
"BARMAP"	"block1"	"1E34"	"1F1C"	"149 144 138 237 201 147 88 130 197 189 161"	"武器の店です。"	"It's a weapon shop."
"BARMAP"	"block1"	"1E36"	"1F74"	"131 125 131 67 131 88 131 103 201 147 88 130 197 189 161"	"マイストの店です。"	"It's a Meister workshop. "
"BARMAP"	"block1"	"1E38"	"1F74"	"131 125 131 67 131 88 131 103 201 147 88 130 197 189 161"	"マイストの店です。"	"It's a Meister workshop. "
"BARMAP"	"block1"	"1E3A"	"1F28"	"131 71 131 108 131 139 131 77 176 130 204 147 88 130 197 189 161"	"エネルギーの店です。"	"It's an energy store."
"BARMAP"	"block1"	"1E3C"	"1F1C"	"149 144 138 237 201 147 88 130 197 189 161"	"武器の店です。"	"It's a weapon shop."
"BARMAP"	"block1"	"1E3E"	"1FA6"	"149 115 151 112 149 105 131 117 131 141 176 131 74 176 130 170 177 216 207 189 161"	"不用品ブローカーがあります。"	"It's a shop with miscellaneous things."
"BARMAP"	"block1"	"1E40"	"2089"	"131 111 176 162 131 121 131 147 131 77 131 147 131 89 131 112 131 137 131 95 131 67 131 88 163 130 197 189 161"	"バー「ペンギンズパラダイス」です。"	"It's a bar, ""Penguin's Paradise"". "
"BARMAP"	"block1"	"1E42"	"1F5F"	"147 71 201 131 88 131 94 176 131 78 131 139 176 131 85 176 130 197 189 161"	"敵のスタークルーザーです。"	"It's an enemy Star Cruiser. "
"BARMAP"	"block1"	"1E44"	"20BA"	"137 189 182 201 145 149 146 117 130 170 177 216 207 189 161"	"何かの装置があります。"	"It's some kind of device. "
"BARMAP"	"block1"	"1E46"	"20BA"	"137 189 182 201 145 149 146 117 130 170 177 216 207 189 161"	"何かの装置があります。"	"It's some kind of device. "
"BARMAP"	"block1"	"1E48"	"20BA"	"137 189 182 201 145 149 146 117 130 170 177 216 207 189 161"	"何かの装置があります。"	"It's some kind of device. "
"BARMAP"	"block1"	"1E4A"	"1F62"	"131 88 131 94 176 131 78 131 139 176 131 85 176 130 197 189 161"	"スタークルーザーです。"	"It's the Star Cruiser. "
"BARMAP"	"block1"	"1E4C"	"20A7"	"131 111 176 162 131 137 131 98 131 76 176 131 89 163 130 197 189 161"	"バー「ラッキーズ」です。"	"It's a bar, ""Lucky's"". "
"BARMAP"	"block1"	"1E4E"	"1F03"	"143 151 201 144 108 130 170 178 207 189 161"	"女の人がいます。"	"It's a woman. "
"BARMAP"	"block1"	"1E50"	"20D8"	"147 71 130 170 178 207 189 161"	"敵がいます。"	"It's an enemy. "
"BARMAP"	"block1"	"1E52"	"1F03"	"143 151 201 144 108 130 170 178 207 189 161"	"女の人がいます。"	"It's a woman. "
"BARMAP"	"block1"	"1E54"	"1F03"	"143 151 201 144 108 130 170 178 207 189 161"	"女の人がいます。"	"It's a woman. "
"BARMAP"	"block1"	"1E56"	"1F03"	"143 151 201 144 108 130 170 178 207 189 161"	"女の人がいます。"	"It's a woman. "
"BARMAP"	"block1"	"1E58"	"2016"	"144 106 151 116 142 247 130 197 189 161"	"針葉樹です。"	"It's a coniferous tree."
"BARMAP"	"block1"	"1E5A"	"1EFA"	"146 106 130 170 178 207 189 161"	"男がいます。"	"It's a man. "
"BARMAP"	"block1"	"1E5C"	"2016"	"144 106 151 116 142 247 130 197 189 161"	"針葉樹です。"	"It's a coniferous tree."
"BARMAP"	"block1"	"1E5E"	"1EFA"	"146 106 130 170 178 207 189 161"	"男がいます。"	"It's a man. "
"BARMAP"	"block1"	"1E60"	"1F4A"	"137 189 182 130 170 177 216 207 189 161"	"何かがあります。"	"There's something here..."
"BARMAP"	"block1"	"1E62"	"1F84"	"137 189 211 138 180 146 109 188 207 190 221 161"	"何も感知しません。"	"I don't sense anything..."
"BARMAP"	"block1"	"1E64"	"1EE0"	"131 110 131 147 131 94 176 151 112 201 131 88 131 94 176 131 86 131 98 131 118 130 197 189 161"	"ハンター用のスターシップです。"	"It's a hunter's starship. "
"BARMAP"	"block1"	"1E66"	"1F28"	"131 71 131 108 131 139 131 77 176 130 204 147 88 130 197 189 161"	"エネルギーの店です。"	"It's an energy store."
"BARMAP"	"block1"	"1E68"	"1F0F"	"143 67 151 157 141 72 143 234 130 197 189 161"	"修理工場です。"	"It's a repair shop."
"BARMAP"	"block1"	"1E6A"	"1F28"	"131 71 131 108 131 139 131 77 176 130 204 147 88 130 197 189 161"	"エネルギーの店です。"	"It's an energy store."
"BARMAP"	"block1"	"1E6C"	"1F0F"	"143 67 151 157 141 72 143 234 130 197 189 161"	"修理工場です。"	"It's a repair shop."
"BARMAP"	"block1"	"1E6E"	"1F1C"	"149 144 138 237 201 147 88 130 197 189 161"	"武器の店です。"	"It's a weapon shop."
"BARMAP"	"block1"	"1E70"	"1F91"	"140 154 149 168 130 170 177 216 207 189 161"	"建物があります。"	"There is a building here."
"BARMAP"	"block1"	"1E72"	"1F9D"	"143 111 140 251 130 197 189 161"	"出口です。"	"It's an exit. "
"BARMAP"	"block1"	"1E74"	"1FA6"	"149 115 151 112 149 105 131 117 131 141 176 131 74 176 130 170 177 216 207 189 161"	"不用品ブローカーがあります。"	"It's a shop with miscellaneous things."
"BARMAP"	"block1"	"1E76"	"1F1C"	"149 144 138 237 201 147 88 130 197 189 161"	"武器の店です。"	"It's a weapon shop."
"BARMAP"	"block1"	"1E78"	"1F1C"	"149 144 138 237 201 147 88 130 197 189 161"	"武器の店です。"	"It's a weapon shop."
"BARMAP"	"block1"	"1E7A"	"1F1C"	"149 144 138 237 201 147 88 130 197 189 161"	"武器の店です。"	"It's a weapon shop."
"BARMAP"	"block1"	"1E7C"	"1F3A"	"131 112 176 131 99 201 147 88 130 170 177 216 207 189 161"	"パーツの店があります。"	"It's a shop with parts."
"BARMAP"	"block1"	"1E7E"	"1F84"	"137 189 211 138 180 146 109 188 207 190 221 161"	"何も感知しません。"	"I don't sense anything..."
"BARMAP"	"block1"	"1E80"	"1F3A"	"131 112 176 131 99 201 147 88 130 170 177 216 207 189 161"	"パーツの店があります。"	"It's a shop with parts."
"BARMAP"	"block1"	"1E82"	"1F84"	"137 189 211 138 180 146 109 188 207 190 221 161"	"何も感知しません。"	"I don't sense anything..."
"BARMAP"	"block1"	"1E84"	"1F84"	"137 189 211 138 180 146 109 188 207 190 221 161"	"何も感知しません。"	"I don't sense anything..."
"BARMAP"	"block1"	"1E86"	"1F84"	"137 189 211 138 180 146 109 188 207 190 221 161"	"何も感知しません。"	"I don't sense anything..."
"BARMAP"	"block1"	"1E88"	"1F84"	"137 189 211 138 180 146 109 188 207 190 221 161"	"何も感知しません。"	"I don't sense anything..."
"BARMAP"	"block1"	"1E8A"	"1F84"	"137 189 211 138 180 146 109 188 207 190 221 161"	"何も感知しません。"	"I don't sense anything..."
"BARMAP"	"block1"	"1E8C"	"1F84"	"137 189 211 138 180 146 109 188 207 190 221 161"	"何も感知しません。"	"I don't sense anything..."
"BARMAP"	"block1"	"1E8E"	"1F84"	"137 189 211 138 180 146 109 188 207 190 221 161"	"何も感知しません。"	"I don't sense anything..."
"BARMAP"	"block1"	"1E90"	"1F84"	"137 189 211 138 180 146 109 188 207 190 221 161"	"何も感知しません。"	"I don't sense anything..."
"BARMAP"	"block1"	"1E92"	"1F84"	"137 189 211 138 180 146 109 188 207 190 221 161"	"何も感知しません。"	"I don't sense anything..."
"BARMAP"	"block1"	"1E94"	"1F84"	"137 189 211 138 180 146 109 188 207 190 221 161"	"何も感知しません。"	"I don't sense anything..."
"BARMAP"	"block1"	"1E96"	"1F84"	"137 189 211 138 180 146 109 188 207 190 221 161"	"何も感知しません。"	"I don't sense anything..."
"BARMAP"	"block1"	"1E98"	"1F84"	"137 189 211 138 180 146 109 188 207 190 221 161"	"何も感知しません。"	"I don't sense anything..."
"BARMAP"	"block1"	"1E9A"	"1F84"	"137 189 211 138 180 146 109 188 207 190 221 161"	"何も感知しません。"	"I don't sense anything..."
"BARMAP"	"block1"	"1E9C"	"1F84"	"137 189 211 138 180 146 109 188 207 190 221 161"	"何も感知しません。"	"I don't sense anything..."
"BARMAP"	"block1"	"1E9E"	"1F84"	"137 189 211 138 180 146 109 188 207 190 221 161"	"何も感知しません。"	"I don't sense anything..."
"BARMAP"	"block1"	"1EA0"	"1F84"	"137 189 211 138 180 146 109 188 207 190 221 161"	"何も感知しません。"	"I don't sense anything..."
"BARMAP"	"block1"	"1EA2"	"1F84"	"137 189 211 138 180 146 109 188 207 190 221 161"	"何も感知しません。"	"I don't sense anything..."
"BARMAP"	"block1"	"1EA4"	"1F84"	"137 189 211 138 180 146 109 188 207 190 221 161"	"何も感知しません。"	"I don't sense anything..."
"BARMAP"	"block1"	"1EA6"	"1F84"	"137 189 211 138 180 146 109 188 207 190 221 161"	"何も感知しません。"	"I don't sense anything..."
"BARMAP"	"block1"	"1EA8"	"1F84"	"137 189 211 138 180 146 109 188 207 190 221 161"	"何も感知しません。"	"I don't sense anything..."
"BARMAP"	"block1"	"1EAA"	"1F84"	"137 189 211 138 180 146 109 188 207 190 221 161"	"何も感知しません。"	"I don't sense anything..."
"BARMAP"	"block1"	"1EAC"	"1F84"	"137 189 211 138 180 146 109 188 207 190 221 161"	"何も感知しません。"	"I don't sense anything..."
"BARMAP"	"block1"	"1EAE"	"1F84"	"137 189 211 138 180 146 109 188 207 190 221 161"	"何も感知しません。"	"I don't sense anything..."
"BARMAP"	"block1"	"1EB0"	"1F84"	"137 189 211 138 180 146 109 188 207 190 221 161"	"何も感知しません。"	"I don't sense anything..."
"BARMAP"	"block1"	"1EB2"	"1F84"	"137 189 211 138 180 146 109 188 207 190 221 161"	"何も感知しません。"	"I don't sense anything..."
"BARMAP"	"block1"	"1EB4"	"1F84"	"137 189 211 138 180 146 109 188 207 190 221 161"	"何も感知しません。"	"I don't sense anything..."
"BARMAP"	"block1"	"1EB6"	"1F84"	"137 189 211 138 180 146 109 188 207 190 221 161"	"何も感知しません。"	"I don't sense anything..."
"BARMAP"	"block1"	"1EB8"	"1F84"	"137 189 211 138 180 146 109 188 207 190 221 161"	"何も感知しません。"	"I don't sense anything..."
"BARMAP"	"block1"	"1EBA"	"1F84"	"137 189 211 138 180 146 109 188 207 190 221 161"	"何も感知しません。"	"I don't sense anything..."
"BARMAP"	"block1"	"1EBC"	"1F84"	"137 189 211 138 180 146 109 188 207 190 221 161"	"何も感知しません。"	"I don't sense anything..."
"BARMAP"	"block1"	"1EBE"	"1F84"	"137 189 211 138 180 146 109 188 207 190 221 161"	"何も感知しません。"	"I don't sense anything..."
"BARMAP"	"block1"	"1EC0"	"1F84"	"137 189 211 138 180 146 109 188 207 190 221 161"	"何も感知しません。"	"I don't sense anything..."
"BARMAP"	"block1"	"1EC2"	"1F84"	"137 189 211 138 180 146 109 188 207 190 221 161"	"何も感知しません。"	"I don't sense anything..."
"BARMAP"	"block1"	"1EC4"	"1F84"	"137 189 211 138 180 146 109 188 207 190 221 161"	"何も感知しません。"	"I don't sense anything..."
"BARMAP"	"block1"	"1EC6"	"1F84"	"137 189 211 138 180 146 109 188 207 190 221 161"	"何も感知しません。"	"I don't sense anything..."
"BARMAP"	"block1"	"1EC8"	"1F84"	"137 189 211 138 180 146 109 188 207 190 221 161"	"何も感知しません。"	"I don't sense anything..."
"BARMAP"	"block1"	"1ECA"	"1F84"	"137 189 211 138 180 146 109 188 207 190 221 161"	"何も感知しません。"	"I don't sense anything..."
"BARMAP"	"block1"	"1ECC"	"1F84"	"137 189 211 138 180 146 109 188 207 190 221 161"	"何も感知しません。"	"I don't sense anything..."
"BARMAP"	"block1"	"1ECE"	"1F84"	"137 189 211 138 180 146 109 188 207 190 221 161"	"何も感知しません。"	"I don't sense anything..."
"BARMAP"	"block1"	"1ED0"	"1F84"	"137 189 211 138 180 146 109 188 207 190 221 161"	"何も感知しません。"	"I don't sense anything..."
"BARMAP"	"block1"	"1ED2"	"1F84"	"137 189 211 138 180 146 109 188 207 190 221 161"	"何も感知しません。"	"I don't sense anything..."
"BARMAP"	"block1"	"1ED4"	"1F84"	"137 189 211 138 180 146 109 188 207 190 221 161"	"何も感知しません。"	"I don't sense anything..."
"BARMAP"	"block1"	"1ED6"	"1F84"	"137 189 211 138 180 146 109 188 207 190 221 161"	"何も感知しません。"	"I don't sense anything..."
"BARMAP"	"block1"	"1ED8"	"1F84"	"137 189 211 138 180 146 109 188 207 190 221 161"	"何も感知しません。"	"I don't sense anything..."
"BARMAP"	"block1"	"1EDA"	"1F62"	"131 88 131 94 176 131 78 131 139 176 131 85 176 130 197 189 161"	"スタークルーザーです。"	"It's the Star Cruiser. "
"BARMAP"	"block1"	"1EDC"	"1EE0"	"131 110 131 147 131 94 176 151 112 201 131 88 131 94 176 131 86 131 98 131 118 130 197 189 161"	"ハンター用のスターシップです。"	"It's a hunter's starship. "
"BARMAP"	"block1"	"1EDE"	"1F5F"	"147 71 201 131 88 131 94 176 131 78 131 139 176 131 85 176 130 197 189 161"	"敵のスタークルーザーです。"	"It's an enemy Star Cruiser. "
"BARMAP"	"block2"	"2500"	"251A"	"131 111 176 131 105 176 131 104 144 175"	"バーナード星[00]ＢＡＲＮＡＲＤ"	"Barnard's Star[00]Barnard"
"BARMAP"	"block2"	"2502"	"252D"	"152 102 144 175 131 104 131 137 131 67 131 141 131 98 131 78"	"惑星ドライロック[00]ＤＲＹ　ＲＯＣＫ"	"Planet Dry Rock[00]Dry Rock"
"BARMAP"	"block2"	"2504"	"2547"	"131 65 131 95 131 128 51"	"アダム３[00]ＡＤＡＭ−３"	"Adam 3[00]Adam-3"
"BARMAP"	"block2"	"2506"	"2556"	"152 102 144 175 131 86 176 131 104"	"惑星シード[00]ＳＥＥＤ"	"Planet Seed[00]Seed"
"BARMAP"	"block2"	"2508"	"2565"	"152 102 144 175 131 102 131 67 131 104 131 138 176 131 128"	"惑星デイドリーム[00]ＤＡＹ　ＤＲＥＡＭ"	"Planet Daydream[00]Daydream"
"BARMAP"	"block2"	"250A"	"257F"	"152 102 144 175 131 73 176 131 139 131 104 131 106 131 133 176 131 136 176 131 78"	"惑星オールドニューヨーク[00]ＯＬＤ　Ｎ．Ｙ．"	"Planet Old New York[00]Old New York"
"BARMAP"	"block2"	"250C"	"259E"	"152 102 144 175 131 75 131 139 131 75 131 147 131 96 131 133 131 143 58 136 226 144 213"	"惑星ガルガンチュワ：遺跡[00]ＧＡＲＧＡＮＣＨＵＷＡ"	"Planet Gargantua/ruins[00]Gargantua"
"BARMAP"	"block2"	"250E"	"25C2"	"152 102 144 175 131 118 131 139 176 131 103 50"	"惑星プルート２[00]ＰＬＵＴＥ−２"	"Planet Pluto 2[00]Pluto-2"
"BARMAP"	"block2"	"2510"	"25D7"	"131 88 131 121 176 131 88 131 82 131 141 131 106 176 58 68 50 68"	"スペースコロニー：Ｄ２Ｄ[00]ＣＯＬＯＮＹ−Ｄ２Ｄ"	"Space Colony: D2D[00]Colony-D2D"
"BARMAP"	"block2"	"2512"	"25F5"	"143 100 151 205 131 74 131 94 131 112 131 139 131 103"	"重力カタパルト[00]Ｇ−ＣＡＴＡＰＵＬＴ"	"Gravity Catapult[00]G-Catapult"
"BARMAP"	"block2"	"2514"	"260F"		"[00]？．．ＵＮＫＮＯＷＮ"	"[00]...Unknown"
"BARMAP"	"block2"	"2516"	"261B"	"162 131 111 176 131 105 176 131 104 201 145 233 163 150 123 139 146 146 110"	"「バーナードの鷹」本拠地[00]"	"""Barnard's Hawk"" HQ[00]"
"BARMAP"	"block2"	"2518"	"2630"	"131 88 131 121 176 131 88 131 76 131 131 131 137 131 111 131 147 58 131 76 131 131 131 129 131 139"	"スペースキャラバン：キャメル[00]ＣＡＲＧＯ　ＳＨＩＰ"	"Space Caravan: Camel[00]Cargo Ship"
"RIGMAP"	"block1"	"1E00"	"1EFA"	"146 106 130 170 178 207 189 161"	"男がいます。"	"It's a man. "
"RIGMAP"	"block1"	"1E02"	"1F28"	"131 71 131 108 131 139 131 77 176 130 204 147 88 130 197 189 161"	"エネルギーの店です。"	"It's an energy store."
"RIGMAP"	"block1"	"1E04"	"1F1C"	"149 144 138 237 201 147 88 130 197 189 161"	"武器の店です。"	"It's a weapon shop."
"RIGMAP"	"block1"	"1E06"	"2014"	"152 65 150 77 131 112 131 103 131 141 176 131 139 65 88 45 49 142 120 149 148 130 197 189 161"	"連邦パトロールＡＸ−１支部です。"	"Federal Patrol AX-1 branch"
"RIGMAP"	"block1"	"1E08"	"1F1C"	"149 144 138 237 201 147 88 130 197 189 161"	"武器の店です。"	"It's a weapon shop."
"RIGMAP"	"block1"	"1E0A"	"202E"	"131 111 176 130 170 177 216 207 189 161"	"バーがあります。"	"It's a bar."
"RIGMAP"	"block1"	"1E0C"	"20DD"	"162 131 138 131 87 131 139 165 131 88 131 94 176 131 86 131 98 131 118 165 131 84 131 124 176 131 103 163 148 82 151 191 196 143 67 151 157 201 147 88 201 151 108 130 197 189 161"	"「リジル・スターシップ・サポート」燃料と修理の店の様です。"	"""Rigel Starship Support"" - it's a fueling/repair station."
"RIGMAP"	"block1"	"1E0E"	"206E"	"65 88 45 51 201 138 175 144 167 142 186 130 197 189 161"	"ＡＸ−３の官制室です。"	"It's a government office of AX-3. "
"RIGMAP"	"block1"	"1E10"	"1FF6"	"145 229 183 197 138 226 130 170 177 216 207 189 161"	"大きな岩があります。"	"There is a big rock here."
"RIGMAP"	"block1"	"1E12"	"1FF6"	"145 229 183 197 138 226 130 170 177 216 207 189 161"	"大きな岩があります。"	"There is a big rock here."
"RIGMAP"	"block1"	"1E14"	"1F4A"	"137 189 182 130 170 177 216 207 189 161"	"何かがあります。"	"There's something here..."
"RIGMAP"	"block1"	"1E16"	"1F4A"	"137 189 182 130 170 177 216 207 189 161"	"何かがあります。"	"There's something here..."
"RIGMAP"	"block1"	"1E18"	"1EFA"	"146 106 130 170 178 207 189 161"	"男がいます。"	"It's a man. "
"RIGMAP"	"block1"	"1E1A"	"1F5F"	"131 88 131 94 176 131 78 131 139 176 131 85 176 130 197 189 161"	"スタークルーザーです。"	"It's the Star Cruiser. "
"RIGMAP"	"block1"	"1E1C"	"1F71"	"131 125 131 67 131 88 131 103 201 147 88 130 197 189 161"	"マイストの店です。"	"It's a Meister workshop. "
"RIGMAP"	"block1"	"1E1E"	"20DD"	"162 131 138 131 87 131 139 165 131 88 131 94 176 131 86 131 98 131 118 165 131 84 131 124 176 131 103 163 148 82 151 191 196 143 67 151 157 201 147 88 201 151 108 130 197 189 161"	"「リジル・スターシップ・サポート」燃料と修理の店の様です。"	"""Rigel Starship Support"" - it's a fueling/repair station."
"RIGMAP"	"block1"	"1E20"	"1FA3"	"149 115 151 112 149 105 131 117 131 141 176 131 74 176 130 170 177 216 207 189 161"	"不用品ブローカーがあります。"	"It's a shop with miscellaneous things."
"RIGMAP"	"block1"	"1E22"	"207E"	"142 231 137 113 130 170 151 167 175 195 178 207 189 161"	"守衛が立っています。"	"It's a standing patrol guard."
"RIGMAP"	"block1"	"1E24"	"1EFA"	"146 106 130 170 178 207 189 161"	"男がいます。"	"It's a man. "
"RIGMAP"	"block1"	"1E26"	"2096"	"144 106 151 116 142 247 130 197 189 161"	"針葉樹です。"	"It's a coniferous tree."
"RIGMAP"	"block1"	"1E28"	"20AB"	"148 154 148 173 188 195 178 207 189 161"	"爆発しています。"	"It's about to explode."
"RIGMAP"	"block1"	"1E2A"	"20B6"	"131 71 131 108 131 139 131 77 176 150 67 201 142 203 140 130 201 149 87 147 73 130 197 189 161"	"エネルギー砲の射撃の標的です。"	"It's the target for the energy cannon."
"RIGMAP"	"block1"	"1E2C"	"1F03"	"143 151 201 144 108 130 170 178 207 189 161"	"女の人がいます。"	"It's a woman. "
"RIGMAP"	"block1"	"1E2E"	"208D"	"147 71 130 170 178 207 189 161"	"敵がいます。"	"It's an enemy. "
"RIGMAP"	"block1"	"1E30"	"20D0"	"136 217 144 175 144 108 130 170 178 207 189 161"	"異星人がいます。"	"It's an alien. "
"RIGMAP"	"block1"	"1E32"	"1F9A"	"143 111 140 251 130 197 189 161"	"出口です。"	"It's an exit. "
"RIGMAP"	"block1"	"1E34"	"210D"	"137 70 146 136 141 96 201 147 252 140 251 130 197 189 161"	"宇宙港の入口です。"	"It's the Space Port entrance."
"RIGMAP"	"block1"	"1E36"	"208D"	"147 71 130 170 178 207 189 161"	"敵がいます。"	"It's an enemy. "
"RIGMAP"	"block1"	"1E38"	"1F28"	"131 71 131 108 131 139 131 77 176 130 204 147 88 130 197 189 161"	"エネルギーの店です。"	"It's an energy store."
"RIGMAP"	"block1"	"1E3A"	"1F3A"	"131 112 176 131 99 201 147 88 130 170 177 216 207 189 161"	"パーツの店があります。"	"It's a shop with parts."
"RIGMAP"	"block1"	"1E3C"	"1F1C"	"149 144 138 237 201 147 88 130 197 189 161"	"武器の店です。"	"It's a weapon shop."
"RIGMAP"	"block1"	"1E3E"	"2039"	"131 111 176 162 131 77 131 139 131 111 129 91 131 103 163 130 197 189 161"	"バー「ギルバート」です。"	"It's a bar, ""Gilbert"". "
"RIGMAP"	"block1"	"1E40"	"1F1C"	"149 144 138 237 201 147 88 130 197 189 161"	"武器の店です。"	"It's a weapon shop."
"RIGMAP"	"block1"	"1E42"	"20DD"	"162 131 138 131 87 131 139 165 131 88 131 94 176 131 86 131 98 131 118 165 131 84 131 124 176 131 103 163 148 82 151 191 196 143 67 151 157 201 147 88 201 151 108 130 197 189 161"	"「リジル・スターシップ・サポート」燃料と修理の店の様です。"	"""Rigel Starship Support"" - it's a fueling/repair station."
"RIGMAP"	"block1"	"1E44"	"208D"	"147 71 130 170 178 207 189 161"	"敵がいます。"	"It's an enemy. "
"RIGMAP"	"block1"	"1E46"	"1F81"	"137 189 211 138 180 146 109 188 207 190 221 161"	"何も感知しません。"	"I don't sense anything..."
"RIGMAP"	"block1"	"1E48"	"1F81"	"137 189 211 138 180 146 109 188 207 190 221 161"	"何も感知しません。"	"I don't sense anything..."
"RIGMAP"	"block1"	"1E4A"	"1F9A"	"143 111 140 251 130 197 189 161"	"出口です。"	"It's an exit. "
"RIGMAP"	"block1"	"1E4C"	"1F81"	"137 189 211 138 180 146 109 188 207 190 221 161"	"何も感知しません。"	"I don't sense anything..."
"RIGMAP"	"block1"	"1E4E"	"1F4A"	"137 189 182 130 170 177 216 207 189 161"	"何かがあります。"	"There's something here..."
"RIGMAP"	"block1"	"1E50"	"1F5F"	"131 88 131 94 176 131 78 131 139 176 131 85 176 130 197 189 161"	"スタークルーザーです。"	"It's the Star Cruiser. "
"RIGMAP"	"block1"	"1E52"	"20DD"	"162 131 138 131 87 131 139 165 131 88 131 94 176 131 86 131 98 131 118 165 131 84 131 124 176 131 103 163 148 82 151 191 196 143 67 151 157 201 147 88 201 151 108 130 197 189 161"	"「リジル・スターシップ・サポート」燃料と修理の店の様です。"	"""Rigel Starship Support"" - it's a fueling/repair station."
"RIGMAP"	"block1"	"1E54"	"204D"	"131 111 176 130 170 177 216 207 189 161"	"バーがあります。"	"It's a bar."
"RIGMAP"	"block1"	"1E56"	"1F3A"	"131 112 176 131 99 201 147 88 130 170 177 216 207 189 161"	"パーツの店があります。"	"It's a shop with parts."
"RIGMAP"	"block1"	"1E58"	"1F1C"	"149 144 138 237 201 147 88 130 197 189 161"	"武器の店です。"	"It's a weapon shop."
"RIGMAP"	"block1"	"1E5A"	"211D"	"131 118 131 137 131 67 131 104 136 226 144 213 140 164 139 134 143 138 130 197 189 161"	"プライド遺跡研究所です。"	"It is Pride Archeology Research Institute."
"RIGMAP"	"block1"	"1E5C"	"2209"	"146 78 182 130 170 178 207 189 161"	"誰かがいます。"	"There's someone here..."
"RIGMAP"	"block1"	"1E5E"	"2134"	"136 234 142 237 201 145 229 140 94 147 93 145 151 145 149 146 117 201 214 179 130 197 189 161"	"一種の大型転送装置のようです。"	"Seems to be a large transfer device."
"RIGMAP"	"block1"	"1E60"	"1EFA"	"146 106 130 170 178 207 189 161"	"男がいます。"	"It's a man. "
"RIGMAP"	"block1"	"1E62"	"1FD7"	"143 100 151 205 131 74 131 94 131 112 131 139 131 103 201 30 193 170 175 184 182 179 221 192 176 30 130 197 189 161"	"重力カタパルトのチェックカウンターです。"	"It is a check counter for gravity catapult."
"RIGMAP"	"block1"	"1E64"	"1FD7"	"143 100 151 205 131 74 131 94 131 112 131 139 131 103 201 30 193 170 175 184 182 179 221 192 176 30 130 197 189 161"	"重力カタパルトのチェックカウンターです。"	"It is a check counter for gravity catapult."
"RIGMAP"	"block1"	"1E66"	"1FD7"	"143 100 151 205 131 74 131 94 131 112 131 139 131 103 201 30 193 170 175 184 182 179 221 192 176 30 130 197 189 161"	"重力カタパルトのチェックカウンターです。"	"It is a check counter for gravity catapult."
"RIGMAP"	"block1"	"1E68"	"1F8E"	"140 154 149 168 130 170 177 216 207 189 161"	"建物があります。"	"There is a building here."
"RIGMAP"	"block1"	"1E6A"	"214D"	"140 154 149 168 201 142 99 138 91 130 197 189 161"	"建物の残骸です。"	"Those are remains of a building."
"RIGMAP"	"block1"	"1E6C"	"214D"	"140 154 149 168 201 142 99 138 91 130 197 189 161"	"建物の残骸です。"	"Those are remains of a building."
"RIGMAP"	"block1"	"1E6E"	"1F81"	"137 189 211 138 180 146 109 188 207 190 221 161"	"何も感知しません。"	"I don't sense anything..."
"RIGMAP"	"block1"	"1E70"	"1F81"	"137 189 211 138 180 146 109 188 207 190 221 161"	"何も感知しません。"	"I don't sense anything..."
"RIGMAP"	"block1"	"1E72"	"1F81"	"137 189 211 138 180 146 109 188 207 190 221 161"	"何も感知しません。"	"I don't sense anything..."
"RIGMAP"	"block1"	"1E74"	"215B"	"131 101 131 141 131 138 131 88 131 103 201 147 193 142 234 149 186 138 237 130 197 189 161"	"テロリストの特殊兵器です。"	"It's the terrorists' special weapon."
"RIGMAP"	"block1"	"1E76"	"1F03"	"143 151 201 144 108 130 170 178 207 189 161"	"女の人がいます。"	"It's a woman. "
"RIGMAP"	"block1"	"1E78"	"1EFA"	"146 106 130 170 178 207 189 161"	"男がいます。"	"It's a man. "
"RIGMAP"	"block1"	"1E7A"	"1F81"	"137 189 211 138 180 146 109 188 207 190 221 161"	"何も感知しません。"	"I don't sense anything..."
"RIGMAP"	"block1"	"1E7C"	"2209"	"146 78 182 130 170 178 207 189 161"	"誰かがいます。"	"There's someone here... "
"RIGMAP"	"block1"	"1E7E"	"21AD"	"147 193 142 234 197 131 81 129 91 131 103 130 197 189 161"	"特殊なゲートです。"	"It's a special gate. "
"RIGMAP"	"block1"	"1E80"	"1EFA"	"146 106 130 170 178 207 189 161"	"男がいます。"	"It's a man. "
"RIGMAP"	"block1"	"1E82"	"1F8E"	"140 154 149 168 130 170 177 216 207 189 161"	"建物があります。"	"There is a building here."
"RIGMAP"	"block1"	"1E84"	"2213"	"147 93 145 151 145 149 146 117 130 170 177 216 207 189 161"	"転送装置があります。"	"It's a transfer device. "
"RIGMAP"	"block1"	"1E86"	"1F8E"	"140 154 149 168 130 170 177 216 207 189 161"	"建物があります。"	"There is a building here."
"RIGMAP"	"block1"	"1E88"	"1F8E"	"140 154 149 168 130 170 177 216 207 189 161"	"建物があります。"	"There is a building here."
"RIGMAP"	"block1"	"1E8A"	"217A"	"131 71 131 98 131 79 201 149 219 136 192 142 169 142 161 150 123 149 148 130 197 189 161"	"エッグの保安自治本部です。"	"Egg's self-governing security HQ."
"RIGMAP"	"block1"	"1E8C"	"2192"	"152 102 144 175 131 116 131 64 131 69 131 139 141 115 183 201 131 124 129 91 131 103 130 197 189 161"	"惑星ファウル行きのポートです。"	"It's a port of planet Fowl. "
"RIGMAP"	"block1"	"1E8E"	"1EFA"	"146 106 130 170 178 207 189 161"	"男がいます。"	"It's a man. "
"RIGMAP"	"block1"	"1E90"	"21AD"	"147 193 142 234 197 131 81 129 91 131 103 130 197 189 161"	"特殊なゲートです。"	"It's a special gate. "
"RIGMAP"	"block1"	"1E92"	"1F1C"	"149 144 138 237 201 147 88 130 197 189 161"	"武器の店です。"	"It's a weapon shop."
"RIGMAP"	"block1"	"1E94"	"21BD"	"152 102 144 175 131 71 131 98 131 79 141 115 183 201 131 124 129 91 131 103 130 197 189 161"	"惑星エッグ行きのポートです。"	"It's a port of planet Egg."
"RIGMAP"	"block1"	"1E96"	"1F1C"	"149 144 138 237 201 147 88 130 197 189 161"	"武器の店です。"	"It's a weapon shop."
"RIGMAP"	"block1"	"1E98"	"1EFA"	"146 106 130 170 178 207 189 161"	"男がいます。"	"It's a man. "
"RIGMAP"	"block1"	"1E9A"	"1EFA"	"146 106 130 170 178 207 189 161"	"男がいます。"	"It's a man. "
"RIGMAP"	"block1"	"1E9C"	"1F81"	"137 189 211 138 180 146 109 188 207 190 221 161"	"何も感知しません。"	"I don't sense anything..."
"RIGMAP"	"block1"	"1E9E"	"1EFA"	"146 106 130 170 178 207 189 161"	"男がいます。"	"It's a man. "
"RIGMAP"	"block1"	"1EA0"	"21AD"	"147 193 142 234 197 131 81 129 91 131 103 130 197 189 161"	"特殊なゲートです。"	"It's a special gate. "
"RIGMAP"	"block1"	"1EA2"	"1EFA"	"146 106 130 170 178 207 189 161"	"男がいます。"	"It's a man. "
"RIGMAP"	"block1"	"1EA4"	"21D6"	"131 116 131 64 131 69 131 139 146 134 137 155 146 161 130 197 189 161"	"ファウル中央庁です。"	"Foul's central governing agency."
"RIGMAP"	"block1"	"1EA6"	"1F81"	"137 189 211 138 180 146 109 188 207 190 221 161"	"何も感知しません。"	"I don't sense anything..."
"RIGMAP"	"block1"	"1EA8"	"1F81"	"137 189 211 138 180 146 109 188 207 190 221 161"	"何も感知しません。"	"I don't sense anything..."
"RIGMAP"	"block1"	"1EAA"	"1F81"	"137 189 211 138 180 146 109 188 207 190 221 161"	"何も感知しません。"	"I don't sense anything..."
"RIGMAP"	"block1"	"1EAC"	"1F3A"	"131 112 176 131 99 201 147 88 130 170 177 216 207 189 161"	"パーツの店があります。"	"It's a shop with parts."
"RIGMAP"	"block1"	"1EAE"	"1F81"	"137 189 211 138 180 146 109 188 207 190 221 161"	"何も感知しません。"	"I don't sense anything..."
"RIGMAP"	"block1"	"1EB0"	"1F3A"	"131 112 176 131 99 201 147 88 130 170 177 216 207 189 161"	"パーツの店があります。"	"It's a shop with parts."
"RIGMAP"	"block1"	"1EB2"	"1F81"	"137 189 211 138 180 146 109 188 207 190 221 161"	"何も感知しません。"	"I don't sense anything..."
"RIGMAP"	"block1"	"1EB4"	"21E9"	"137 189 182 201 139 64 138 66 130 170 177 216 207 189 161"	"何かの機械があります。"	"It's some kind of machine. "
"RIGMAP"	"block1"	"1EB6"	"1EFA"	"146 106 130 170 178 207 189 161"	"男がいます。"	"It's a man. "
"RIGMAP"	"block1"	"1EB8"	"208D"	"147 71 130 170 178 207 189 161"	"敵がいます。"	"It's an enemy. "
"RIGMAP"	"block1"	"1EBA"	"208D"	"147 71 130 170 178 207 189 161"	"敵がいます。"	"It's an enemy. "
"RIGMAP"	"block1"	"1EBC"	"1EFA"	"146 106 130 170 178 207 189 161"	"男がいます。"	"It's a man. "
"RIGMAP"	"block1"	"1EBE"	"21F9"	"131 77 131 117 131 88 131 147 201 137 198 130 197 189 161"	"ギブスンの家です。"	"It's Gibson's house. "
"RIGMAP"	"block1"	"1EC0"	"1F03"	"143 151 201 144 108 130 170 178 207 189 161"	"女の人がいます。"	"It's a woman. "
"RIGMAP"	"block1"	"1EC2"	"1F28"	"131 71 131 108 131 139 131 77 176 130 204 147 88 130 197 189 161"	"エネルギーの店です。"	"It's an energy store."
"RIGMAP"	"block1"	"1EC4"	"1F0F"	"143 67 151 157 141 72 143 234 130 197 189 161"	"修理工場です。"	"It's a repair shop."
"RIGMAP"	"block1"	"1EC6"	"1F1C"	"149 144 138 237 201 147 88 130 197 189 161"	"武器の店です。"	"It's a weapon shop."
"RIGMAP"	"block1"	"1EC8"	"1F3A"	"131 112 176 131 99 201 147 88 130 170 177 216 207 189 161"	"パーツの店があります。"	"It's a shop with parts."
"RIGMAP"	"block1"	"1ECA"	"1F1C"	"149 144 138 237 201 147 88 130 197 189 161"	"武器の店です。"	"It's a weapon shop."
"RIGMAP"	"block1"	"1ECC"	"2058"	"131 111 176 130 170 177 216 207 189 161"	"バーがあります。"	"It's a bar."
"RIGMAP"	"block1"	"1ECE"	"2063"	"131 111 176 130 170 177 216 207 189 161"	"バーがあります。"	"It's a bar."
"RIGMAP"	"block1"	"1ED0"	"1F4A"	"137 189 182 130 170 177 216 207 189 161"	"何かがあります。"	"There's something here..."
"RIGMAP"	"block1"	"1ED2"	"2004"	"131 82 131 147 131 101 131 105 130 170 177 216 207 189 161"	"コンテナがあります。"	"It's a container. "
"RIGMAP"	"block1"	"1ED4"	"1EFA"	"146 106 130 170 178 207 189 161"	"男がいます。"	"It's a man. "
"RIGMAP"	"block1"	"1ED6"	"1F5F"	"131 88 131 94 176 131 78 131 139 176 131 85 176 130 197 189 161"	"スタークルーザーです。"	"It's the Star Cruiser. "
"RIGMAP"	"block1"	"1ED8"	"20A1"	"150 216 130 170 177 216 207 189 161"	"木があります。"	"Looks like trees..."
"RIGMAP"	"block1"	"1EDA"	"2063"	"131 111 176 130 170 177 216 207 189 161"	"バーがあります。"	"It's a bar."
"RIGMAP"	"block1"	"1EDC"	"1EFA"	"146 106 130 170 178 207 189 161"	"男がいます。"	"It's a man. "
"RIGMAP"	"block1"	"1EDE"	"1F5F"	"131 88 131 94 176 131 78 131 139 176 131 85 176 130 197 189 161"	"スタークルーザーです。"	"It's the Star Cruiser. "
"RIGMAP"	"block2"	"2500"	"2528"	"131 138 131 87 131 139 165 131 80 131 147 131 103 65"	"リジル・ケントＡ[00]ＲＩＧＩＬ　ＫＥＮＴ−Ａ"	"Rigel Kent A[00]Rigel Kent A"
"RIGMAP"	"block2"	"2502"	"2544"	"152 102 144 175 131 118 131 137 131 67 131 104"	"惑星プライド[00]ＰＲＩＤＥ"	"Planet Pride[00]Pride"
"RIGMAP"	"block2"	"2504"	"2557"	"152 102 144 175 131 116 131 72 131 139 131 95 176 58 141 145 141 219 137 70 146 136 141 96"	"惑星フォルダー：国際宇宙港[00]ＦＯＬＤＥＲ"	"Planet Folder: Port[00]Folder"
"RIGMAP"	"block2"	"2506"	"259B"	"152 102 144 175 131 111 176 131 111 131 138 131 65 131 147"	"惑星バーバリアン[00]ＢＡＲＢＡＲＩＡＮ"	"Planet Barbarian[00]Barbarian"
"RIGMAP"	"block2"	"2508"	"2577"	"131 116 131 64 131 147 131 94 131 87 131 65 58 137 113 144 175 131 134 131 106 131 82 176 131 147"	"ファンタジア：衛星ユニコーン[00]ＦＡＮＴＡＳＩＡ"	"Fantasia: Unicorn[00]Fantasia"
"RIGMAP"	"block2"	"250A"	"25B5"	"131 65 131 78 131 86 131 88 165 131 88 131 101 176 131 86 131 135 131 147 49"	"アクシス・ステーション１[00]ＡＸＩＳ　１"	"Axis Station 1[00]Axis-1"
"RIGMAP"	"block2"	"250C"	"25D2"	"131 65 131 78 131 86 131 88 165 131 88 131 101 176 131 86 131 135 131 147 50"	"アクシス・ステーション２[00]ＡＸＩＳ　２"	"Axis Station 2[00]Axis-2"
"RIGMAP"	"block2"	"250E"	"25EF"	"131 65 131 78 131 86 131 88 165 131 88 131 101 176 131 86 131 135 131 147 51"	"アクシス・ステーション３[00]ＡＸＩＳ　３"	"Axis Station 3[00]Axis-3"
"RIGMAP"	"block2"	"2510"	"260C"	"131 82 131 141 131 106 176 50"	"コロニー２[00]ＣＯＬＯＮＹ−２"	"Colony 2[00]Colony-2"
"RIGMAP"	"block2"	"2512"	"261E"	"131 138 131 87 131 139 165 131 80 131 147 131 103 66"	"リジル・ケントＢ[00]ＲＩＧＩＬ　ＫＥＮＴ−Ｂ"	"Rigel Kent B[00]Rigel Kent B"
"RIGMAP"	"block2"	"2514"	"263A"	"152 102 144 175 131 74 131 67 58 140 195 145 227 136 226 144 213"	"惑星カイ：古代遺跡[00]ＫＡＩ"	"Planet Kai: Ruins[00]Kai"
"RIGMAP"	"block2"	"2516"	"2650"	"147 93 145 151 145 149 146 117"	"転送装置[00]ＴＲＡＮＳＰＯＲＴＥＲ"	"Transfer device[00]Transporter"
"RIGMAP"	"block2"	"2518"	"2665"	"143 100 151 205 131 74 131 94 131 112 131 139 131 103"	"重力カタパルト[00]Ｇ−ＣＡＴＡＰＵＬＴ"	"Gravity Catapult[00]G-Catapult"
"RIGMAP"	"block2"	"251A"	"267F"	"152 102 144 175 131 88 131 140 131 147 131 95 176"	"惑星スレンダー[00]ＳＬＥＮＤＥＲ"	"Planet Slender[00]Slender"
"RIGMAP"	"block2"	"251C"	"2695"	"144 108 141 72 137 113 144 175"	"人工衛星[00]"	"Artificial satellite[00]"
"RIGMAP"	"block2"	"251E"	"269F"	"152 102 144 175 131 71 131 98 131 79"	"惑星エッグ[00]ＦＯＷＬ／ＥＧＧ"	"Planet Egg[00]Fowl/Egg"
"RIGMAP"	"block2"	"2520"	"26B3"	"152 102 144 175 131 110 131 138 131 80 176 131 147 58 144 182 145 204 131 118 131 137 131 147 131 103"	"惑星ハリケーン：生体プラント[00]ＨＵＲＲＩＣＡＮＥ"	"Hurricane: plant[00]Hurricane"
"RIGMAP"	"block2"	"2522"	"26D8"	"131 82 131 141 131 106 176 58 131 96 131 70 131 138 176 131 86 131 131 131 98 131 116 131 139"	"コロニー：チェリーシャッフル[00]ＣＨＥＲＲＹ　ＳＨＵＦＦＬＥ"	"Colony Cherry Shuffle[00]Cherry Shuffle"
"RIGMAP"	"block2"	"2524"	"2701"	"152 102 144 175 131 116 131 64 131 69 131 139"	"惑星ファウル[00]"	"Planet Fowl[00]"
"RIGMAP"	"block2"	"2526"	"270F"	"131 88 131 121 176 131 88 131 76 131 131 131 137 131 111 131 147 58 131 76 131 131 131 129 131 139"	"スペースキャラバン：キャメル[00]ＣＡＲＧＯ　ＳＨＩＰ"	"Space Caravan: Camel[00]Cargo Ship"
"SIRMAP"	"block1"	"1E00"	"1EFA"	"146 106 130 170 178 207 189 161"	"男がいます。"	"It's a man. "
"SIRMAP"	"block1"	"1E02"	"203B"	"131 71 131 108 131 139 131 77 176 196 143 67 151 157 201 147 88 130 197 189 161"	"エネルギーと修理の店です。"	"It's an energy/repair store. "
"SIRMAP"	"block1"	"1E04"	"1F1C"	"149 144 138 237 201 147 88 130 197 189 161"	"武器の店です。"	"It's a weapon shop."
"SIRMAP"	"block1"	"1E06"	"1F3A"	"131 112 176 131 99 201 147 88 130 170 177 216 207 189 161"	"パーツの店があります。"	"It's a shop with parts."
"SIRMAP"	"block1"	"1E08"	"2009"	"131 111 176 130 170 177 216 207 189 161"	"バーがあります。"	"It's a bar."
"SIRMAP"	"block1"	"1E0A"	"201F"	"131 129 131 94 131 139 131 102 131 133 176 131 147 141 72 138 119 140 164 139 134 143 138 130 197 189 161"	"メタルデューン工学研究所です。"	"It's Metal Dune Engineering Laboratory."
"SIRMAP"	"block1"	"1E0C"	"1F8E"	"140 154 149 168 130 170 177 216 207 189 161"	"建物があります。"	"There is a building here."
"SIRMAP"	"block1"	"1E0E"	"1FFC"	"144 106 151 116 142 247 130 197 130 183 129 66"	"針葉樹です。"	"It's a coniferous tree."
"SIRMAP"	"block1"	"1E10"	"1EFA"	"146 106 130 170 178 207 189 161"	"男がいます。"	"It's a man. "
"SIRMAP"	"block1"	"1E12"	"1EFA"	"146 106 130 170 178 207 189 161"	"男がいます。"	"It's a man. "
"SIRMAP"	"block1"	"1E14"	"1F81"	"137 189 211 138 180 146 109 188 207 190 221 161"	"何も感知しません。"	"I don't sense anything..."
"SIRMAP"	"block1"	"1E16"	"1F9A"	"143 111 140 251 130 197 189 161"	"出口です。"	"It's an exit. "
"SIRMAP"	"block1"	"1E18"	"1F81"	"137 189 211 138 180 146 109 188 207 190 221 161"	"何も感知しません。"	"I don't sense anything..."
"SIRMAP"	"block1"	"1E1A"	"203B"	"131 71 131 108 131 139 131 77 176 196 143 67 151 157 201 147 88 130 197 189 161"	"エネルギーと修理の店です。"	"It's an energy/repair store. "
"SIRMAP"	"block1"	"1E1C"	"1F0F"	"143 67 151 157 141 72 143 234 130 197 189 161"	"修理工場です。"	"It's a repair shop."
"SIRMAP"	"block1"	"1E1E"	"1F1C"	"149 144 138 237 201 147 88 130 197 189 161"	"武器の店です。"	"It's a weapon shop."
"SIRMAP"	"block1"	"1E20"	"2051"	"137 198 130 170 177 216 207 189 161"	"家があります。"	"It's a house."
"SIRMAP"	"block1"	"1E22"	"2009"	"131 111 176 130 170 177 216 207 189 161"	"バーがあります。"	"It's a bar."
"SIRMAP"	"block1"	"1E24"	"1F4A"	"137 189 182 130 170 177 216 207 189 161"	"何かがあります。"	"There's something here..."
"SIRMAP"	"block1"	"1E26"	"203B"	"131 71 131 108 131 139 131 77 176 196 143 67 151 157 201 147 88 130 197 189 161"	"エネルギーと修理の店です。"	"It's an energy/repair store. "
"SIRMAP"	"block1"	"1E28"	"1F0F"	"143 67 151 157 141 72 143 234 130 197 189 161"	"修理工場です。"	"It's a repair shop."
"SIRMAP"	"block1"	"1E2A"	"1F81"	"137 189 211 138 180 146 109 188 207 190 221 161"	"何も感知しません。"	"I don't sense anything..."
"SIRMAP"	"block1"	"1E2C"	"203B"	"131 71 131 108 131 139 131 77 176 196 143 67 151 157 201 147 88 130 197 189 161"	"エネルギーと修理の店です。"	"It's an energy/repair store. "
"SIRMAP"	"block1"	"1E2E"	"1F0F"	"143 67 151 157 141 72 143 234 130 197 189 161"	"修理工場です。"	"It's a repair shop."
"SIRMAP"	"block1"	"1E30"	"2009"	"131 111 176 130 170 177 216 207 189 161"	"バーがあります。"	"It's a bar."
"SIRMAP"	"block1"	"1E32"	"2051"	"137 198 130 170 177 216 207 189 161"	"家があります。"	"It's a house."
"SIRMAP"	"block1"	"1E34"	"1F9A"	"143 111 140 251 130 197 189 161"	"出口です。"	"It's an exit. "
"SIRMAP"	"block1"	"1E36"	"1F55"	"147 88 130 170 177 216 207 189 161"	"店があります。"	"It's a shop."
"SIRMAP"	"block1"	"1E38"	"1F55"	"147 88 130 170 177 216 207 189 161"	"店があります。"	"It's a shop."
"SIRMAP"	"block1"	"1E3A"	"1F55"	"147 88 130 170 177 216 207 189 161"	"店があります。"	"It's a shop."
"SIRMAP"	"block1"	"1E3C"	"1F55"	"147 88 130 170 177 216 207 189 161"	"店があります。"	"It's a shop."
"SIRMAP"	"block1"	"1E3E"	"1F55"	"147 88 130 170 177 216 207 189 161"	"店があります。"	"It's a shop."
"SIRMAP"	"block1"	"1E40"	"2051"	"137 198 130 170 177 216 207 189 161"	"家があります。"	"It's a house."
"SIRMAP"	"block1"	"1E42"	"1F81"	"137 189 211 138 180 146 109 188 207 190 221 161"	"何も感知しません。"	"I don't sense anything..."
"SIRMAP"	"block1"	"1E44"	"2009"	"131 111 176 130 170 177 216 207 189 161"	"バーがあります。"	"It's a bar."
"SIRMAP"	"block1"	"1E46"	"1F1C"	"149 144 138 237 201 147 88 130 197 189 161"	"武器の店です。"	"It's a weapon shop."
"SIRMAP"	"block1"	"1E48"	"203B"	"131 71 131 108 131 139 131 77 176 196 143 67 151 157 201 147 88 130 197 189 161"	"エネルギーと修理の店です。"	"It's an energy/repair store. "
"SIRMAP"	"block1"	"1E4A"	"203B"	"131 71 131 108 131 139 131 77 176 196 143 67 151 157 201 147 88 130 197 189 161"	"エネルギーと修理の店です。"	"It's an energy/repair store. "
"SIRMAP"	"block1"	"1E4C"	"1F3A"	"131 112 176 131 99 201 147 88 130 170 177 216 207 189 161"	"パーツの店があります。"	"It's a shop with parts."
"SIRMAP"	"block1"	"1E4E"	"1F71"	"131 125 131 67 131 88 131 103 201 147 88 130 197 189 161"	"マイストの店です。"	"It's a Meister workshop. "
"SIRMAP"	"block1"	"1E50"	"2069"	"143 100 140 179 145 102 141 122 144 206 130 170 177 216 207 189 161"	"重元素鉱石があります。"	"Heavy element ores."
"SIRMAP"	"block1"	"1E52"	"1F81"	"137 189 211 138 180 146 109 188 207 190 221 161"	"何も感知しません。"	"I don't sense anything..."
"SIRMAP"	"block1"	"1E54"	"1F4A"	"137 189 182 130 170 177 216 207 189 161"	"何かがあります。"	"There's something here..."
"SIRMAP"	"block1"	"1E56"	"1F4A"	"137 189 182 130 170 177 216 207 189 161"	"何かがあります。"	"There's something here..."
"SIRMAP"	"block1"	"1E58"	"1EFA"	"146 106 130 170 178 207 189 161"	"男がいます。"	"It's a man. "
"SIRMAP"	"block1"	"1E5A"	"1F81"	"137 189 211 138 180 146 109 188 207 190 221 161"	"何も感知しません。"	"I don't sense anything..."
"SIRMAP"	"block1"	"1E5C"	"1FD7"	"143 100 151 205 131 74 131 94 131 112 131 139 131 103 201 131 96 131 70 131 98 131 78 131 74 131 69 131 147 131 94 176 130 197 189 161"	"重力カタパルトのチェックカウンターです。"	"It is a check counter for gravity catapult."
"SIRMAP"	"block1"	"1E5E"	"1FD7"	"143 100 151 205 131 74 131 94 131 112 131 139 131 103 201 131 96 131 70 131 98 131 78 131 74 131 69 131 147 131 94 176 130 197 189 161"	"重力カタパルトのチェックカウンターです。"	"It is a check counter for gravity catapult."
"SIRMAP"	"block1"	"1E60"	"1EFA"	"146 106 130 170 178 207 189 161"	"男がいます。"	"It's a man. "
"SIRMAP"	"block1"	"1E62"	"1F3A"	"131 112 176 131 99 201 147 88 130 170 177 216 207 189 161"	"パーツの店があります。"	"It's a shop with parts."
"SIRMAP"	"block1"	"1E64"	"203B"	"131 71 131 108 131 139 131 77 176 196 143 67 151 157 201 147 88 130 197 189 161"	"エネルギーと修理の店です。"	"It's an energy/repair store. "
"SIRMAP"	"block1"	"1E66"	"2014"	"131 111 176 130 170 177 216 207 189 161"	"バーがあります。"	"It's a bar."
"SIRMAP"	"block1"	"1E68"	"1F1C"	"149 144 138 237 201 147 88 130 197 189 161"	"武器の店です。"	"It's a weapon shop."
"SIRMAP"	"block1"	"1E6A"	"1FB9"	"148 82 151 191 131 94 131 147 131 78 130 170 177 216 207 189 161"	"燃料タンクがあります。"	"There's a fuel tank here."
"SIRMAP"	"block1"	"1E6C"	"1EFA"	"146 106 130 170 178 207 189 161"	"男がいます。"	"It's a man. "
"SIRMAP"	"block1"	"1E6E"	"1F81"	"137 189 211 138 180 146 109 188 207 190 221 161"	"何も感知しません。"	"I don't sense anything..."
"SIRMAP"	"block1"	"1E70"	"205B"	"145 229 183 197 138 226 130 170 177 216 207 189 161"	"大きな岩があります。"	"There is a big rock here."
"SIRMAP"	"block1"	"1E72"	"1F81"	"137 189 211 138 180 146 109 188 207 190 221 161"	"何も感知しません。"	"I don't sense anything..."
"SIRMAP"	"block1"	"1E74"	"1FCB"	"149 172 144 133 130 170 177 216 207 189 161"	"噴水があります。"	"There is a fountain here."
"SIRMAP"	"block1"	"1E76"	"1F5F"	"131 88 131 94 176 131 78 131 139 176 131 85 176 130 197 189 161"	"スタークルーザーです。"	"It's the Star Cruiser. "
"SIRMAP"	"block1"	"1E78"	"1FA3"	"149 115 151 112 149 105 131 117 131 141 176 131 74 176 130 170 177 216 207 189 161"	"不用品ブローカーがあります。"	"It's a shop with miscellaneous things."
"SIRMAP"	"block1"	"1E7A"	"2051"	"137 198 130 170 177 216 207 189 161"	"家があります。"	"It's a house."
"SIRMAP"	"block1"	"1E7C"	"205B"	"145 229 183 197 138 226 130 170 177 216 207 189 161"	"大きな岩があります。"	"There is a big rock here."
"SIRMAP"	"block1"	"1E7E"	"1F81"	"137 189 211 138 180 146 109 188 207 190 221 161"	"何も感知しません。"	"I don't sense anything..."
"SIRMAP"	"block1"	"1E80"	"1F81"	"137 189 211 138 180 146 109 188 207 190 221 161"	"何も感知しません。"	"I don't sense anything..."
"SIRMAP"	"block1"	"1E82"	"1F81"	"137 189 211 138 180 146 109 188 207 190 221 161"	"何も感知しません。"	"I don't sense anything..."
"SIRMAP"	"block1"	"1E84"	"1F81"	"137 189 211 138 180 146 109 188 207 190 221 161"	"何も感知しません。"	"I don't sense anything..."
"SIRMAP"	"block1"	"1E86"	"1F81"	"137 189 211 138 180 146 109 188 207 190 221 161"	"何も感知しません。"	"I don't sense anything..."
"SIRMAP"	"block1"	"1E88"	"1F81"	"137 189 211 138 180 146 109 188 207 190 221 161"	"何も感知しません。"	"I don't sense anything..."
"SIRMAP"	"block1"	"1E8A"	"1F81"	"137 189 211 138 180 146 109 188 207 190 221 161"	"何も感知しません。"	"I don't sense anything..."
"SIRMAP"	"block1"	"1E8C"	"1F81"	"137 189 211 138 180 146 109 188 207 190 221 161"	"何も感知しません。"	"I don't sense anything..."
"SIRMAP"	"block1"	"1E8E"	"1F81"	"137 189 211 138 180 146 109 188 207 190 221 161"	"何も感知しません。"	"I don't sense anything..."
"SIRMAP"	"block1"	"1E90"	"1F81"	"137 189 211 138 180 146 109 188 207 190 221 161"	"何も感知しません。"	"I don't sense anything..."
"SIRMAP"	"block1"	"1E92"	"1F81"	"137 189 211 138 180 146 109 188 207 190 221 161"	"何も感知しません。"	"I don't sense anything..."
"SIRMAP"	"block1"	"1E94"	"1F81"	"137 189 211 138 180 146 109 188 207 190 221 161"	"何も感知しません。"	"I don't sense anything..."
"SIRMAP"	"block1"	"1E96"	"1F81"	"137 189 211 138 180 146 109 188 207 190 221 161"	"何も感知しません。"	"I don't sense anything..."
"SIRMAP"	"block1"	"1E98"	"1F81"	"137 189 211 138 180 146 109 188 207 190 221 161"	"何も感知しません。"	"I don't sense anything..."
"SIRMAP"	"block1"	"1E9A"	"1F81"	"137 189 211 138 180 146 109 188 207 190 221 161"	"何も感知しません。"	"I don't sense anything..."
"SIRMAP"	"block1"	"1E9C"	"1F81"	"137 189 211 138 180 146 109 188 207 190 221 161"	"何も感知しません。"	"I don't sense anything..."
"SIRMAP"	"block1"	"1E9E"	"1F81"	"137 189 211 138 180 146 109 188 207 190 221 161"	"何も感知しません。"	"I don't sense anything..."
"SIRMAP"	"block1"	"1EA0"	"1F81"	"137 189 211 138 180 146 109 188 207 190 221 161"	"何も感知しません。"	"I don't sense anything..."
"SIRMAP"	"block1"	"1EA2"	"1F81"	"137 189 211 138 180 146 109 188 207 190 221 161"	"何も感知しません。"	"I don't sense anything..."
"SIRMAP"	"block1"	"1EA4"	"1F81"	"137 189 211 138 180 146 109 188 207 190 221 161"	"何も感知しません。"	"I don't sense anything..."
"SIRMAP"	"block1"	"1EA6"	"1F81"	"137 189 211 138 180 146 109 188 207 190 221 161"	"何も感知しません。"	"I don't sense anything..."
"SIRMAP"	"block1"	"1EA8"	"1F81"	"137 189 211 138 180 146 109 188 207 190 221 161"	"何も感知しません。"	"I don't sense anything..."
"SIRMAP"	"block1"	"1EAA"	"1F81"	"137 189 211 138 180 146 109 188 207 190 221 161"	"何も感知しません。"	"I don't sense anything..."
"SIRMAP"	"block1"	"1EAC"	"1F81"	"137 189 211 138 180 146 109 188 207 190 221 161"	"何も感知しません。"	"I don't sense anything..."
"SIRMAP"	"block1"	"1EAE"	"1F81"	"137 189 211 138 180 146 109 188 207 190 221 161"	"何も感知しません。"	"I don't sense anything..."
"SIRMAP"	"block1"	"1EB0"	"1F81"	"137 189 211 138 180 146 109 188 207 190 221 161"	"何も感知しません。"	"I don't sense anything..."
"SIRMAP"	"block1"	"1EB2"	"1F81"	"137 189 211 138 180 146 109 188 207 190 221 161"	"何も感知しません。"	"I don't sense anything..."
"SIRMAP"	"block1"	"1EB4"	"1F81"	"137 189 211 138 180 146 109 188 207 190 221 161"	"何も感知しません。"	"I don't sense anything..."
"SIRMAP"	"block1"	"1EB6"	"1F81"	"137 189 211 138 180 146 109 188 207 190 221 161"	"何も感知しません。"	"I don't sense anything..."
"SIRMAP"	"block1"	"1EB8"	"1F81"	"137 189 211 138 180 146 109 188 207 190 221 161"	"何も感知しません。"	"I don't sense anything..."
"SIRMAP"	"block1"	"1EBA"	"1F81"	"137 189 211 138 180 146 109 188 207 190 221 161"	"何も感知しません。"	"I don't sense anything..."
"SIRMAP"	"block1"	"1EBC"	"1F81"	"137 189 211 138 180 146 109 188 207 190 221 161"	"何も感知しません。"	"I don't sense anything..."
"SIRMAP"	"block1"	"1EBE"	"1F81"	"137 189 211 138 180 146 109 188 207 190 221 161"	"何も感知しません。"	"I don't sense anything..."
"SIRMAP"	"block1"	"1EC0"	"1F81"	"137 189 211 138 180 146 109 188 207 190 221 161"	"何も感知しません。"	"I don't sense anything..."
"SIRMAP"	"block1"	"1EC2"	"1F81"	"137 189 211 138 180 146 109 188 207 190 221 161"	"何も感知しません。"	"I don't sense anything..."
"SIRMAP"	"block1"	"1EC4"	"1F81"	"137 189 211 138 180 146 109 188 207 190 221 161"	"何も感知しません。"	"I don't sense anything..."
"SIRMAP"	"block1"	"1EC6"	"1F81"	"137 189 211 138 180 146 109 188 207 190 221 161"	"何も感知しません。"	"I don't sense anything..."
"SIRMAP"	"block1"	"1EC8"	"1F81"	"137 189 211 138 180 146 109 188 207 190 221 161"	"何も感知しません。"	"I don't sense anything..."
"SIRMAP"	"block1"	"1ECA"	"1F81"	"137 189 211 138 180 146 109 188 207 190 221 161"	"何も感知しません。"	"I don't sense anything..."
"SIRMAP"	"block1"	"1ECC"	"1F81"	"137 189 211 138 180 146 109 188 207 190 221 161"	"何も感知しません。"	"I don't sense anything..."
"SIRMAP"	"block1"	"1ECE"	"1F81"	"137 189 211 138 180 146 109 188 207 190 221 161"	"何も感知しません。"	"I don't sense anything..."
"SIRMAP"	"block1"	"1ED0"	"1F81"	"137 189 211 138 180 146 109 188 207 190 221 161"	"何も感知しません。"	"I don't sense anything..."
"SIRMAP"	"block1"	"1ED2"	"1F81"	"137 189 211 138 180 146 109 188 207 190 221 161"	"何も感知しません。"	"I don't sense anything..."
"SIRMAP"	"block1"	"1ED4"	"1F81"	"137 189 211 138 180 146 109 188 207 190 221 161"	"何も感知しません。"	"I don't sense anything..."
"SIRMAP"	"block1"	"1ED6"	"1F81"	"137 189 211 138 180 146 109 188 207 190 221 161"	"何も感知しません。"	"I don't sense anything..."
"SIRMAP"	"block1"	"1ED8"	"1F81"	"137 189 211 138 180 146 109 188 207 190 221 161"	"何も感知しません。"	"I don't sense anything..."
"SIRMAP"	"block1"	"1EDA"	"1F81"	"137 189 211 138 180 146 109 188 207 190 221 161"	"何も感知しません。"	"I don't sense anything..."
"SIRMAP"	"block1"	"1EDC"	"1F81"	"137 189 211 138 180 146 109 188 207 190 221 161"	"何も感知しません。"	"I don't sense anything..."
"SIRMAP"	"block1"	"1EDE"	"1F5F"	"131 88 131 94 176 131 78 131 139 176 131 85 176 130 197 189 161"	"スタークルーザーです。"	"It's the Star Cruiser. "
"SIRMAP"	"block2"	"2500"	"2522"	"131 86 131 138 131 69 131 88 65"	"シリウスＡ[00]ＳＩＲＩＵＳ−Ａ"	"Sirius A[00]Sirius A"
"SIRMAP"	"block2"	"2502"	"2535"	"152 102 144 175 131 104 131 137 131 67 131 76 131 131 131 106 131 73 131 147"	"惑星ドライキャニオン[00]ＤＲＹ　ＣＡＮＹＯＮ"	"Planet Dry Canyon[00]Dry Canyon"
"SIRMAP"	"block2"	"2504"	"2555"	"152 102 144 175 131 125 131 139 131 75 131 138 129 91 131 94"	"惑星マルガリータ[00]ＭＡＲＧＡＲＩＴＡ"	"Planet Margarita[00]Margarita"
"SIRMAP"	"block2"	"2506"	"2570"	"152 102 144 175 131 110 131 138 131 69 131 98 131 104"	"惑星ハリウッド[00]ＨＯＬＬＹＷＯＯＤ"	"Planet Hollywood[00]Hollywood"
"SIRMAP"	"block2"	"2508"	"2589"	"152 102 144 175 131 83 129 91 131 88 131 103 58 148 112 141 122 147 185"	"惑星ゴースト：廃鉱道[00]ＧＨＯＳＴ"	"Planet Ghost: mine[00]Ghost"
"SIRMAP"	"block2"	"250A"	"25A3"	"152 102 144 175 131 129 131 94 131 139 131 102 131 133 129 91 131 147"	"惑星メタルデューン[00]ＭＥＴＡＬ　ＤＵＮＥ"	"Planet Metal Dune[00]Metal Dune"
"SIRMAP"	"block2"	"250C"	"25C1"	"152 102 144 175 131 84 131 137 131 125 131 147 131 95 129 91 58 140 195 145 227 136 226 144 213"	"惑星サラマンダー：古代遺跡[00]ＳＡＬＡＭＡＮＤＥＲ"	"Planet Salamander[00]Salamander"
"SIRMAP"	"block2"	"250E"	"25E6"	"131 65 131 88 131 101 131 141 131 67 131 104 165 131 82 131 141 131 106 129 91 51"	"アステロイド・コロニー３[00]ＣＯＬＯＮＹ−３"	"Asteroid colony 3[00]Colony-3"
"SIRMAP"	"block2"	"2510"	"2606"	"152 102 144 175 131 83 131 86 131 98 131 78"	"惑星ゴシック[00]ＧＯＴＨＩＣ"	"Planet Gothic[00]Gothic"
"SIRMAP"	"block2"	"2512"	"261A"	"131 86 131 138 131 69 131 88 66"	"シリウスＢ[00]ＳＩＲＩＵＳ−Ｂ"	"Sirius B[00]Sirius B"
"SIRMAP"	"block2"	"2514"	"262D"	"152 102 144 175 131 138 129 91 131 96 131 70 131 147 58 144 86 150 107 139 158 137 70 146 136 141 96"	"惑星リーチェン：新北京宇宙港[00]ＲＥＥ−ＣＨＥＮ"	"Planet Riechen: port[00]Riechen"
"SIRMAP"	"block2"	"2516"	"2652"	"152 102 144 175 131 111 129 91 131 126 131 133 129 91 131 95"	"惑星バーミューダ[00]ＢＥＲＭＵＤＡ"	"Planet Bermuda[00]Bermuda"
"SIRMAP"	"block2"	"2518"	"266B"	"152 102 144 175 131 65 131 103 131 137 131 147 131 101 131 66 131 88"	"惑星アトランティス[00]ＡＴＬＡＮＴＩＳ"	"Planet Atlantis[00]Atlantis"
"SIRMAP"	"block2"	"251A"	"2687"	"143 100 151 205 131 74 131 94 131 112 131 139 131 103"	"重力カタパルト[00]Ｇ−ＣＡＴＡＰＵＬＴ"	"Gravity Catapult[00]G-Catapult"
"SIRMAP"	"block2"	"251C"	"26A1"	"86 79 73 68"	"ＶＯＩＤ[00]ＶＯＩＤ"	"VOID[00]VOID"
"SIRMAP"	"block2"	"251E"	"26AB"	"146 134 140 112 131 88 131 101 129 91 131 86 131 135 131 147 53"	"中継ステーション５[00]ＳＴＡＴＩＯＮ−５"	"Relay station 5[00]Station-5"
"SIRMAP"	"block2"	"2520"	"26C7"		"[00]？．．ＵＮＫＮＯＷＮ"	"[00]...Unknown"
"SOLMAP"	"block1"	"1E00"	"1EE0"	"131 110 131 147 131 94 176 151 112 201 131 88 131 94 176 131 86 131 98 131 118 130 197 189 161"	"ハンター用のスターシップです。"	"It's a hunter's starship. "
"SOLMAP"	"block1"	"1E02"	"2188"	"131 77 131 117 131 88 131 147 201 131 88 131 94 176 131 86 131 98 131 118 130 197 189 161"	"ギブスンのスターシップです。"	"It's Gibson's starship."
"SOLMAP"	"block1"	"1E04"	"21A1"	"139 176 215 184 131 77 131 117 131 88 131 147 201 140 190 175 195 178 192 131 88 131 94 176 131 86 131 98 131 118 130 197 188 174 179 161"	"恐らくギブスンの言っていたスターシップでしょう。"	"It's likely the starship Gibson mentioned."
"SOLMAP"	"block1"	"1E06"	"1F71"	"131 125 131 67 131 88 131 103 201 147 88 130 197 189 161"	"マイストの店です。"	"It's a Meister workshop. "
"SOLMAP"	"block1"	"1E08"	"1F28"	"131 71 131 108 131 139 131 77 176 130 204 147 88 130 197 189 161"	"エネルギーの店です。"	"It's an energy store."
"SOLMAP"	"block1"	"1E0A"	"1F1C"	"149 144 138 237 201 147 88 130 197 189 161"	"武器の店です。"	"It's a weapon shop."
"SOLMAP"	"block1"	"1E0C"	"1F0F"	"143 67 151 157 141 72 143 234 130 197 189 161"	"修理工場です。"	"It's a repair shop."
"SOLMAP"	"block1"	"1E0E"	"2118"	"144 106 151 116 142 247 130 197 189 161"	"針葉樹です。"	"It's a coniferous tree."
"SOLMAP"	"block1"	"1E10"	"201E"	"131 111 176 162 145 229 144 212 148 193 163 196 178 179 138 197 148 194 130 170 143 111 195 178 207 189 161"	"バー「大赤斑」という看板が出ています。"	"This is the ""Great Red Spot""..."
"SOLMAP"	"block1"	"1E12"	"1F03"	"143 151 201 144 108 130 170 178 207 189 161"	"女の人がいます。"	"It's a woman. "
"SOLMAP"	"block1"	"1E14"	"1F8E"	"140 154 149 168 130 170 177 216 207 189 161"	"建物があります。"	"There is a building here."
"SOLMAP"	"block1"	"1E16"	"1F28"	"131 71 131 108 131 139 131 77 176 130 204 147 88 130 197 189 161"	"エネルギーの店です。"	"It's an energy store."
"SOLMAP"	"block1"	"1E18"	"1F1C"	"149 144 138 237 201 147 88 130 197 189 161"	"武器の店です。"	"It's a weapon shop."
"SOLMAP"	"block1"	"1E1A"	"1F8E"	"140 154 149 168 130 170 177 216 207 189 161"	"建物があります。"	"There is a building here."
"SOLMAP"	"block1"	"1E1C"	"1F4A"	"137 189 182 130 170 177 216 207 189 161"	"何かがあります。"	"There's something here..."
"SOLMAP"	"block1"	"1E1E"	"1F4A"	"137 189 182 130 170 177 216 207 189 161"	"何かがあります。"	"There's something here..."
"SOLMAP"	"block1"	"1E20"	"1F4A"	"137 189 182 130 170 177 216 207 189 161"	"何かがあります。"	"There's something here..."
"SOLMAP"	"block1"	"1E22"	"1F8E"	"140 154 149 168 130 170 177 216 207 189 161"	"建物があります。"	"There is a building here."
"SOLMAP"	"block1"	"1E24"	"1F81"	"137 189 211 138 180 146 109 188 207 190 221 161"	"何も感知しません。"	"I don't sense anything..."
"SOLMAP"	"block1"	"1E26"	"21C6"	"162 149 226 139 139 196 143 67 151 157 201 147 250 143 111 140 245 131 71 131 108 131 139 131 77 176 163 130 197 189 161"	"「補給と修理の日出光エネルギー」です。"	"It's ""Sunrise Energy/Repair Center""."
"SOLMAP"	"block1"	"1E28"	"1F0F"	"143 67 151 157 141 72 143 234 130 197 189 161"	"修理工場です。"	"It's a repair shop."
"SOLMAP"	"block1"	"1E2A"	"1FA3"	"149 115 151 112 149 105 131 117 131 141 176 131 74 176 130 170 177 216 207 189 161"	"不用品ブローカーがあります。"	"It's a shop with miscellaneous things."
"SOLMAP"	"block1"	"1E2C"	"1F1C"	"149 144 138 237 201 147 88 130 197 189 161"	"武器の店です。"	"It's a weapon shop."
"SOLMAP"	"block1"	"1E2E"	"20CA"	"152 65 150 77 131 112 131 103 131 141 176 131 139 150 123 149 148 130 197 189 161"	"連邦パトロール本部です。"	"It's the Federal Patrol HQ."
"SOLMAP"	"block1"	"1E30"	"1F8E"	"140 154 149 168 130 170 177 216 207 189 161"	"建物があります。"	"There is a building here."
"SOLMAP"	"block1"	"1E32"	"2188"	"131 77 131 117 131 88 131 147 201 131 88 131 94 176 131 86 131 98 131 118 130 197 189 161"	"ギブスンのスターシップです。"	"It's Gibson's starship."
"SOLMAP"	"block1"	"1E34"	"1F9A"	"143 111 140 251 130 197 189 161"	"出口です。"	"It's an exit. "
"SOLMAP"	"block1"	"1E36"	"1F4A"	"137 189 182 130 170 177 216 207 189 161"	"何かがあります。"	"There's something here..."
"SOLMAP"	"block1"	"1E38"	"1F4A"	"137 189 182 130 170 177 216 207 189 161"	"何かがあります。"	"There's something here..."
"SOLMAP"	"block1"	"1E3A"	"1EFA"	"146 106 130 170 178 207 189 161"	"男がいます。"	"It's a man. "
"SOLMAP"	"block1"	"1E3C"	"21C6"	"162 149 226 139 139 196 143 67 151 157 201 147 250 143 111 140 245 131 71 131 108 131 139 131 77 176 163 130 197 189 161"	"「補給と修理の日出光エネルギー」です。"	"It's ""Sunrise Energy/Repair Center""."
"SOLMAP"	"block1"	"1E3E"	"203A"	"131 111 176 162 131 88 131 101 131 66 176 131 139 131 119 131 98 131 104 163 130 197 189 161"	"バー「スティールヘッド」です。"	"It's a bar, ""Steelhead""."
"SOLMAP"	"block1"	"1E40"	"2053"	"131 111 176 162 69 86 101 163 130 197 189 161"	"バー「ＥＶｅ」です。"	"It's a bar, ""EVe""."
"SOLMAP"	"block1"	"1E42"	"2060"	"131 111 176 162 131 73 131 65 131 86 131 88 163 130 197 189 161"	"バー「オアシス」です。"	"It's a bar, ""Oasis"". "
"SOLMAP"	"block1"	"1E44"	"1EE0"	"131 110 131 147 131 94 176 151 112 201 131 88 131 94 176 131 86 131 98 131 118 130 197 189 161"	"ハンター用のスターシップです。"	"It's a hunter's starship. "
"SOLMAP"	"block1"	"1E46"	"1EE0"	"131 110 131 147 131 94 176 151 112 201 131 88 131 94 176 131 86 131 98 131 118 130 197 189 161"	"ハンター用のスターシップです。"	"It's a hunter's starship. "
"SOLMAP"	"block1"	"1E48"	"1EFA"	"146 106 130 170 178 207 189 161"	"男がいます。"	"It's a man. "
"SOLMAP"	"block1"	"1E4A"	"1EE0"	"131 110 131 147 131 94 176 151 112 201 131 88 131 94 176 131 86 131 98 131 118 130 197 189 161"	"ハンター用のスターシップです。"	"It's a hunter's starship. "
"SOLMAP"	"block1"	"1E4C"	"1EE0"	"131 110 131 147 131 94 176 151 112 201 131 88 131 94 176 131 86 131 98 131 118 130 197 189 161"	"ハンター用のスターシップです。"	"It's a hunter's starship. "
"SOLMAP"	"block1"	"1E4E"	"2202"	"148 154 148 173 188 195 178 207 189 161"	"爆発しています。"	"It's about to explode."
"SOLMAP"	"block1"	"1E50"	"2202"	"148 154 148 173 188 195 178 207 189 161"	"爆発しています。"	"It's about to explode."
"SOLMAP"	"block1"	"1E52"	"1F28"	"131 71 131 108 131 139 131 77 176 130 204 147 88 130 197 189 161"	"エネルギーの店です。"	"It's an energy store."
"SOLMAP"	"block1"	"1E54"	"2072"	"131 111 176 162 144 194 130 162 143 151 144 95 163 130 197 189 161"	"バー「青い女神」です。"	"It's a bar, ""Blue Goddess""."
"SOLMAP"	"block1"	"1E56"	"20E0"	"152 65 150 77 131 112 131 103 131 141 176 131 139 139 224 144 175 142 120 149 148 130 197 189 161"	"連邦パトロール金星支部です。"	"It's Federal Patrol's Venus branch."
"SOLMAP"	"block1"	"1E58"	"1F3A"	"131 112 176 131 99 201 147 88 130 170 177 216 207 189 161"	"パーツの店があります。"	"It's a shop with parts."
"SOLMAP"	"block1"	"1E5A"	"1F1C"	"149 144 138 237 201 147 88 130 197 189 161"	"武器の店です。"	"It's a weapon shop."
"SOLMAP"	"block1"	"1E5C"	"1F4A"	"137 189 182 130 170 177 216 207 189 161"	"何かがあります。"	"There's something here..."
"SOLMAP"	"block1"	"1E5E"	"1F4A"	"137 189 182 130 170 177 216 207 189 161"	"何かがあります。"	"There's something here..."
"SOLMAP"	"block1"	"1E60"	"1F5F"	"131 88 131 94 176 131 78 131 139 176 131 85 176 130 197 189 161"	"スタークルーザーです。"	"It's the Star Cruiser. "
"SOLMAP"	"block1"	"1E62"	"21E6"	"137 113 144 175 138 212 147 110 145 68 201 143 230 145 68 142 243 185 149 116 185 143 138 130 197 189 161"	"衛星間渡船の乗船受け付け所です。"	"It's a boarding reception between satellites."
"SOLMAP"	"block1"	"1E64"	"21C6"	"162 149 226 139 139 196 143 67 151 157 201 147 250 143 111 140 245 131 71 131 108 131 139 131 77 176 163 130 197 189 161"	"「補給と修理の日出光エネルギー」です。"	"It's ""Sunrise Energy/Repair Center""."
"SOLMAP"	"block1"	"1E66"	"2084"	"131 111 176 162 144 212 130 162 141 187 163 130 197 189 161"	"バー「赤い砂」です。"	"It's a bar, ""Red Sand"". "
"SOLMAP"	"block1"	"1E68"	"1F1C"	"149 144 138 237 201 147 88 130 197 189 161"	"武器の店です。"	"It's a weapon shop."
"SOLMAP"	"block1"	"1E6A"	"2123"	"137 206 144 175 140 180 142 89 201 162 140 205 218 141 247 163 130 197 189 161"	"火星原産の「枯れ桜」です。"	"It's a dead cherry blossom from Mars."
"SOLMAP"	"block1"	"1E6C"	"2006"	"137 189 215 182 201 144 182 145 204 148 189 137 158 130 170 148 70 210 215 218 207 189 161"	"何らかの生体反応が認められます。"	"It's some bio-signal. "
"SOLMAP"	"block1"	"1E6E"	"1F9A"	"143 111 140 251 130 197 189 161"	"出口です。"	"It's an exit. "
"SOLMAP"	"block1"	"1E70"	"2202"	"148 154 148 173 188 195 178 207 189 161"	"爆発しています。"	"It's about to explode."
"SOLMAP"	"block1"	"1E72"	"1F81"	"137 189 211 138 180 146 109 188 207 190 221 161"	"何も感知しません。"	"I don't sense anything..."
"SOLMAP"	"block1"	"1E74"	"2138"	"131 94 131 67 131 94 131 147 140 180 142 89 201 162 149 88 144 175 142 247 163 130 197 189 161"	"タイタン原産の「氷星樹」です。"	"It's a tree native to Titan."
"SOLMAP"	"block1"	"1E76"	"21C6"	"162 149 226 139 139 196 143 67 151 157 201 147 250 143 111 140 245 131 71 131 108 131 139 131 77 176 163 130 197 189 161"	"「補給と修理の日出光エネルギー」です。"	"It's ""Sunrise Energy/Repair Center""."
"SOLMAP"	"block1"	"1E78"	"1F1C"	"149 144 138 237 201 147 88 130 197 189 161"	"武器の店です。"	"It's a weapon shop."
"SOLMAP"	"block1"	"1E7A"	"1EFA"	"146 106 130 170 178 207 189 161"	"男がいます。"	"It's a man. "
"SOLMAP"	"block1"	"1E7C"	"20FA"	"152 65 150 77 131 112 131 103 131 141 176 131 139 131 94 131 67 131 94 131 147 142 120 149 148 130 197 189 161"	"連邦パトロールタイタン支部です。"	"It's Federal Patrol's Titan branch."
"SOLMAP"	"block1"	"1E7E"	"21E6"	"137 113 144 175 138 212 147 110 145 68 201 143 230 145 68 142 243 185 149 116 185 143 138 130 197 189 161"	"衛星間渡船の乗船受け付け所です。"	"It's a boarding reception between satellites."
"SOLMAP"	"block1"	"1E80"	"1F3A"	"131 112 176 131 99 201 147 88 130 170 177 216 207 189 161"	"パーツの店があります。"	"It's a shop with parts."
"SOLMAP"	"block1"	"1E82"	"21C6"	"162 149 226 139 139 196 143 67 151 157 201 147 250 143 111 140 245 131 71 131 108 131 139 131 77 176 163 130 197 189 161"	"「補給と修理の日出光エネルギー」です。"	"It's ""Sunrise Energy/Repair Center""."
"SOLMAP"	"block1"	"1E84"	"1FA3"	"149 115 151 112 149 105 131 117 131 141 176 131 74 176 130 170 177 216 207 189 161"	"不用品ブローカーがあります。"	"It's a shop with miscellaneous things."
"SOLMAP"	"block1"	"1E86"	"2094"	"131 111 176 162 131 76 131 137 131 69 131 70 131 65 163 130 197 189 161"	"バー「キラウェア」です。"	"It's a bar, ""Kilauea"". "
"SOLMAP"	"block1"	"1E88"	"1F4A"	"137 189 182 130 170 177 216 207 189 161"	"何かがあります。"	"There's something here..."
"SOLMAP"	"block1"	"1E8A"	"20A8"	"131 111 176 162 137 89 147 135 140 248 137 202 163 130 197 189 161"	"バー「浦島効果」です。"	"It's a bar, ""Urashima Effect"". "
"SOLMAP"	"block1"	"1E8C"	"1FD7"	"143 100 151 205 131 74 131 94 131 112 131 139 131 103 201 131 96 131 70 131 98 131 78 131 74 131 69 131 147 131 94 176 130 197 189 161"	"重力カタパルトのチェックカウンターです。"	"It is a check counter for gravity catapult."
"SOLMAP"	"block1"	"1E8E"	"1FD7"	"143 100 151 205 131 74 131 94 131 112 131 139 131 103 201 131 96 131 70 131 98 131 78 131 74 131 69 131 147 131 94 176 130 197 189 161"	"重力カタパルトのチェックカウンターです。"	"It is a check counter for gravity catapult."
"SOLMAP"	"block1"	"1E90"	"1FD7"	"143 100 151 205 131 74 131 94 131 112 131 139 131 103 201 131 96 131 70 131 98 131 78 131 74 131 69 131 147 131 94 176 130 197 189 161"	"重力カタパルトのチェックカウンターです。"	"It is a check counter for gravity catapult."
"SOLMAP"	"block1"	"1E92"	"1EFA"	"146 106 130 170 178 207 189 161"	"男がいます。"	"It's a man. "
"SOLMAP"	"block1"	"1E94"	"216C"	"142 132 146 66 201 145 68 130 197 189 161 211 202 212 142 103 178 149 168 198 202 197 216 207 190 221 161"	"私達の船です。もはや使い物にはなりません。"	"It's our ship. It's no longer usable."
"SOLMAP"	"block1"	"1E96"	"1FB9"	"148 82 151 191 131 94 131 147 131 78 130 170 177 216 207 189 161"	"燃料タンクがあります。"	"There's a fuel tank here."
"SOLMAP"	"block1"	"1E98"	"20BA"	"131 111 176 162 143 172 152 102 144 175 163 130 197 189 161"	"バー「小惑星」です。"	"It's a bar, ""Asteroid""."
"SOLMAP"	"block1"	"1E9A"	"2152"	"186 201 136 234 150 123 130 190 185 144 182 145 204 148 189 137 158 130 170 177 216 207 190 221 161"	"この一本だけ生体反応がありません。"	"No biological reaction here..."
"SOLMAP"	"block1"	"1E9C"	"1F03"	"143 151 201 144 108 130 170 178 207 189 161"	"女の人がいます。"	"It's a woman. "
"SOLMAP"	"block1"	"1E9E"	"1F81"	"137 189 211 138 180 146 109 188 207 190 221 161"	"何も感知しません。"	"I don't sense anything..."
"SOLMAP"	"block1"	"1EA0"	"1EE0"	"131 110 131 147 131 94 176 151 112 201 131 88 131 94 176 131 86 131 98 131 118 130 197 189 161"	"ハンター用のスターシップです。"	"It's a hunter's starship. "
"SOLMAP"	"block1"	"1EA2"	"1EE0"	"131 110 131 147 131 94 176 151 112 201 131 88 131 94 176 131 86 131 98 131 118 130 197 189 161"	"ハンター用のスターシップです。"	"It's a hunter's starship. "
"SOLMAP"	"block1"	"1EA4"	"220D"	"147 71 130 170 178 207 189 161"	"敵がいます。"	"It's an enemy. "
"SOLMAP"	"block1"	"1EA6"	"1FCB"	"149 172 144 133 130 170 177 216 207 189 161"	"噴水があります。"	"There is a fountain here."
"SOLMAP"	"block1"	"1EA8"	"1F55"	"147 88 130 170 177 216 207 189 161"	"店があります。"	"It's a shop."
"SOLMAP"	"block1"	"1EAA"	"1FFC"	"138 226 130 170 177 216 207 189 161"	"岩があります。"	"It's a rock."
"SOLMAP"	"block1"	"1EAC"	"1F81"	"137 189 211 138 180 146 109 188 207 190 221 161"	"何も感知しません。"	"I don't sense anything..."
"SOLMAP"	"block1"	"1EAE"	"1F81"	"137 189 211 138 180 146 109 188 207 190 221 161"	"何も感知しません。"	"I don't sense anything..."
"SOLMAP"	"block1"	"1EB0"	"1F81"	"137 189 211 138 180 146 109 188 207 190 221 161"	"何も感知しません。"	"I don't sense anything..."
"SOLMAP"	"block1"	"1EB2"	"1F81"	"137 189 211 138 180 146 109 188 207 190 221 161"	"何も感知しません。"	"I don't sense anything..."
"SOLMAP"	"block1"	"1EB4"	"1F81"	"137 189 211 138 180 146 109 188 207 190 221 161"	"何も感知しません。"	"I don't sense anything..."
"SOLMAP"	"block1"	"1EB6"	"1F81"	"137 189 211 138 180 146 109 188 207 190 221 161"	"何も感知しません。"	"I don't sense anything..."
"SOLMAP"	"block1"	"1EB8"	"1F81"	"137 189 211 138 180 146 109 188 207 190 221 161"	"何も感知しません。"	"I don't sense anything..."
"SOLMAP"	"block1"	"1EBA"	"1F81"	"137 189 211 138 180 146 109 188 207 190 221 161"	"何も感知しません。"	"I don't sense anything..."
"SOLMAP"	"block1"	"1EBC"	"1F81"	"137 189 211 138 180 146 109 188 207 190 221 161"	"何も感知しません。"	"I don't sense anything..."
"SOLMAP"	"block1"	"1EBE"	"1F81"	"137 189 211 138 180 146 109 188 207 190 221 161"	"何も感知しません。"	"I don't sense anything..."
"SOLMAP"	"block1"	"1EC0"	"1F81"	"137 189 211 138 180 146 109 188 207 190 221 161"	"何も感知しません。"	"I don't sense anything..."
"SOLMAP"	"block1"	"1EC2"	"1F81"	"137 189 211 138 180 146 109 188 207 190 221 161"	"何も感知しません。"	"I don't sense anything..."
"SOLMAP"	"block1"	"1EC4"	"1F81"	"137 189 211 138 180 146 109 188 207 190 221 161"	"何も感知しません。"	"I don't sense anything..."
"SOLMAP"	"block1"	"1EC6"	"1F81"	"137 189 211 138 180 146 109 188 207 190 221 161"	"何も感知しません。"	"I don't sense anything..."
"SOLMAP"	"block1"	"1EC8"	"1F81"	"137 189 211 138 180 146 109 188 207 190 221 161"	"何も感知しません。"	"I don't sense anything..."
"SOLMAP"	"block1"	"1ECA"	"1F81"	"137 189 211 138 180 146 109 188 207 190 221 161"	"何も感知しません。"	"I don't sense anything..."
"SOLMAP"	"block1"	"1ECC"	"1F81"	"137 189 211 138 180 146 109 188 207 190 221 161"	"何も感知しません。"	"I don't sense anything..."
"SOLMAP"	"block1"	"1ECE"	"1F81"	"137 189 211 138 180 146 109 188 207 190 221 161"	"何も感知しません。"	"I don't sense anything..."
"SOLMAP"	"block1"	"1ED0"	"1F81"	"137 189 211 138 180 146 109 188 207 190 221 161"	"何も感知しません。"	"I don't sense anything..."
"SOLMAP"	"block1"	"1ED2"	"1F81"	"137 189 211 138 180 146 109 188 207 190 221 161"	"何も感知しません。"	"I don't sense anything..."
"SOLMAP"	"block1"	"1ED4"	"1F81"	"137 189 211 138 180 146 109 188 207 190 221 161"	"何も感知しません。"	"I don't sense anything..."
"SOLMAP"	"block1"	"1ED6"	"1F81"	"137 189 211 138 180 146 109 188 207 190 221 161"	"何も感知しません。"	"I don't sense anything..."
"SOLMAP"	"block1"	"1ED8"	"1F81"	"137 189 211 138 180 146 109 188 207 190 221 161"	"何も感知しません。"	"I don't sense anything..."
"SOLMAP"	"block1"	"1EDA"	"1F81"	"137 189 211 138 180 146 109 188 207 190 221 161"	"何も感知しません。"	"I don't sense anything..."
"SOLMAP"	"block1"	"1EDC"	"1F81"	"137 189 211 138 180 146 109 188 207 190 221 161"	"何も感知しません。"	"I don't sense anything..."
"SOLMAP"	"block1"	"1EDE"	"1F5F"	"131 88 131 94 176 131 78 131 139 176 131 85 176 130 197 189 161"	"スタークルーザーです。"	"It's the Star Cruiser. "
"SOLMAP"	"block2"	"2500"	"2528"	"131 92 131 139 144 175 40 145 190 151 122 41"	"ソル星（太陽）[00]ＳＯＬ"	"Sol System (the Sun)[00]Sun"
"SOLMAP"	"block2"	"2502"	"2539"	"144 133 144 175 58 145 190 151 122 138 207 145 170 138 238 146 110"	"水星：太陽観測基地[00]ＭＥＲＣＵＲＹ"	"Mercury: Observatory[00]Mercury"
"SOLMAP"	"block2"	"2504"	"2553"	"139 224 144 175 58 131 67 131 86 131 133 131 94 131 139 137 70 146 136 141 96"	"金星：イシュタル宇宙港[00]ＶＥＮＵＳ"	"Venus: Ishtar Port[00]Venus"
"SOLMAP"	"block2"	"2506"	"256F"	"146 110 139 133 58 131 86 131 104 131 106 176 141 145 141 219 137 70 146 136 141 96"	"地球：シドニー国際宇宙港[00]ＥＡＲＴＨ"	"Earth: Sydney Port[00]Earth"
"SOLMAP"	"block2"	"2508"	"258C"	"137 206 144 175 58 131 108 131 78 131 94 131 139 165 131 86 131 101 131 66 176"	"火星：ネクタル・シティー[00]ＭＡＲＳ"	"Mars: Nectar City[00]Mars"
"SOLMAP"	"block2"	"250A"	"25A7"	"150 216 144 175 58 137 113 144 175 131 75 131 106 131 129 131 102"	"木星：衛星ガニメデ[00]ＪＵＰＩＴＥＲ"	"Jupiter: Ganymede[00]Jupiter"
"SOLMAP"	"block2"	"250C"	"25C1"	"147 121 144 175 58 137 113 144 175 131 94 131 67 131 94 131 147"	"土星：衛星タイタン[00]ＳＡＴＵＲＮ"	"Saturn: Titan[00]Saturn"
"SOLMAP"	"block2"	"250E"	"25DA"	"147 86 137 164 144 175 58 137 113 144 175 131 73 131 120 131 141 131 147"	"天王星：衛星オベロン[00]ＵＲＡＮＵＳ"	"Uranus: Oberon[00]Uranus"
"SOLMAP"	"block2"	"2510"	"25F5"	"138 67 137 164 144 175 58 137 113 144 175 131 103 131 138 131 103 131 147"	"海王星：衛星トリトン[00]ＮＥＰＴＵＮＥ"	"Neptune: Triton[00]Neptune"
"SOLMAP"	"block2"	"2512"	"2611"	"162 145 190 151 122 149 151 163 150 216 144 175 138 238 146 110"	"「太陽風」木星基地[00]ＦＯＲＴＲＥＳＳ"	"""Solar Wind"" base[00]Fortress"
"SOLMAP"	"block2"	"2514"	"262B"	"150 187 137 164 144 175 58 156 97 144 175 138 106 138 207 145 170 143 138"	"冥王星：彗星核観測所[00]ＰＬＵＴＥ"	"Pluto: Observatory[00]Pluto"
"SOLMAP"	"block2"	"2516"	"2645"	"131 65 131 88 131 101 131 141 131 67 131 104 165 131 82 131 141 131 106 176"	"アステロイド・コロニー[00]ＣＯＬＯＮＹ−１"	"Asteroid colony[00]Colony-1"
"SOLMAP"	"block2"	"2518"	"2663"	"162 145 190 151 122 149 151 163 131 114 131 139 131 102 131 66 131 147 131 79"	"「太陽風」ビルディング[00]"	"""Solar Wind"" building[00]"
"SOLMAP"	"block2"	"251A"	"2679"	"146 134 140 112 131 88 131 101 176 131 86 131 135 131 147 49"	"中継ステーション１[00]ＳＴＡＴＩＯＮ−１"	"Relay station 1[00]Station-1"
"SOLMAP"	"block2"	"251C"	"2694"	"146 134 140 112 131 88 131 101 176 131 86 131 135 131 147 50"	"中継ステーション２[00]ＳＴＡＴＩＯＮ−２"	"Relay station 2[00]Station-2"
"SOLMAP"	"block2"	"251E"	"26AF"	"146 134 140 112 131 88 131 101 176 131 86 131 135 131 147 51"	"中継ステーション３[00]ＳＴＡＴＩＯＮ−３"	"Relay station 3[00]Station-3"
"SOLMAP"	"block2"	"2520"	"26CA"	"150 216 144 175 58 137 113 144 175 131 67 131 73 47 141 122 142 82"	"木星：衛星イオ／鉱山[00]"	"Jupiter: Io/mine[00]"
"SOLMAP"	"block2"	"2522"	"26DE"	"143 100 151 205 131 74 131 94 131 112 131 139 131 103"	"重力カタパルト[00]Ｇ−ＣＡＴＡＰＵＬＴ"	"Gravity Catapult[00]G-Catapult"
"SOLMAP"	"block2"	"2524"	"26F8"	"146 134 140 112 131 88 131 101 176 131 86 131 135 131 147 52"	"中継ステーション４[00]ＳＴＡＴＩＯＮ−４"	"Relay station 4[00]Station-4"
"SOLMAP"	"block2"	"2526"	"2713"	"156 97 144 175 138 106 131 88 131 101 176 131 86 131 135 131 147"	"彗星核ステーション[00]ＣＯＭＥＴ　ＳＴＡＴＩＯＮ"	"Comet nuclear station[00]Comet Station"
"VOIMAP"	"block1"	"1E00"	"1FD7"	"139 243 146 178 145 149 146 117 201 214 179 130 197 189 161"	"空調装置のようです。"	"Looks like an air conditioner."
"VOIMAP"	"block1"	"1E02"	"1FD7"	"139 243 146 178 145 149 146 117 201 214 179 130 197 189 161"	"空調装置のようです。"	"Looks like an air conditioner."
"VOIMAP"	"block1"	"1E04"	"1FF2"	"142 120 146 140 130 197 189 161"	"支柱です。"	"It's a pillar. "
"VOIMAP"	"block1"	"1E06"	"1FF2"	"142 120 146 140 130 197 189 161"	"支柱です。"	"It's a pillar. "
"VOIMAP"	"block1"	"1E08"	"2004"	"145 79 202 192 130 190 201 149 199 130 197 189 161"	"前はただの壁です。"	"It's just a wall. "
"VOIMAP"	"block1"	"1E0A"	"1F81"	"137 189 211 138 180 146 109 188 207 190 221 161"	"何も感知しません。"	"I don't sense anything..."
"VOIMAP"	"block1"	"1E0C"	"1F81"	"137 189 211 138 180 146 109 188 207 190 221 161"	"何も感知しません。"	"I don't sense anything..."
"VOIMAP"	"block1"	"1E0E"	"1F81"	"137 189 211 138 180 146 109 188 207 190 221 161"	"何も感知しません。"	"I don't sense anything..."
"VOIMAP"	"block1"	"1E10"	"1F81"	"137 189 211 138 180 146 109 188 207 190 221 161"	"何も感知しません。"	"I don't sense anything..."
"VOIMAP"	"block1"	"1E12"	"1FF2"	"142 120 146 140 130 197 189 161"	"支柱です。"	"It's a pillar. "
"VOIMAP"	"block1"	"1E14"	"1F5F"	"131 88 131 94 176 131 78 131 139 176 131 85 176 130 197 189 161"	"スタークルーザーです。"	"It's the Star Cruiser. "
"VOIMAP"	"block1"	"1E16"	"1F81"	"137 189 211 138 180 146 109 188 207 190 221 161"	"何も感知しません。"	"I don't sense anything..."
"VOIMAP"	"block1"	"1E18"	"1F81"	"137 189 211 138 180 146 109 188 207 190 221 161"	"何も感知しません。"	"I don't sense anything..."
"VOIMAP"	"block1"	"1E1A"	"1F81"	"137 189 211 138 180 146 109 188 207 190 221 161"	"何も感知しません。"	"I don't sense anything..."
"VOIMAP"	"block1"	"1E1C"	"1F81"	"137 189 211 138 180 146 109 188 207 190 221 161"	"何も感知しません。"	"I don't sense anything..."
"VOIMAP"	"block1"	"1E1E"	"1F81"	"137 189 211 138 180 146 109 188 207 190 221 161"	"何も感知しません。"	"I don't sense anything..."
"VOIMAP"	"block1"	"1E20"	"1F81"	"137 189 211 138 180 146 109 188 207 190 221 161"	"何も感知しません。"	"I don't sense anything..."
"VOIMAP"	"block1"	"1E22"	"1F81"	"137 189 211 138 180 146 109 188 207 190 221 161"	"何も感知しません。"	"I don't sense anything..."
"VOIMAP"	"block1"	"1E24"	"1F81"	"137 189 211 138 180 146 109 188 207 190 221 161"	"何も感知しません。"	"I don't sense anything..."
"VOIMAP"	"block1"	"1E26"	"1F81"	"137 189 211 138 180 146 109 188 207 190 221 161"	"何も感知しません。"	"I don't sense anything..."
"VOIMAP"	"block1"	"1E28"	"1F81"	"137 189 211 138 180 146 109 188 207 190 221 161"	"何も感知しません。"	"I don't sense anything..."
"VOIMAP"	"block1"	"1E2A"	"1F81"	"137 189 211 138 180 146 109 188 207 190 221 161"	"何も感知しません。"	"I don't sense anything..."
"VOIMAP"	"block1"	"1E2C"	"1F81"	"137 189 211 138 180 146 109 188 207 190 221 161"	"何も感知しません。"	"I don't sense anything..."
"VOIMAP"	"block1"	"1E2E"	"1F81"	"137 189 211 138 180 146 109 188 207 190 221 161"	"何も感知しません。"	"I don't sense anything..."
"VOIMAP"	"block1"	"1E30"	"1F81"	"137 189 211 138 180 146 109 188 207 190 221 161"	"何も感知しません。"	"I don't sense anything..."
"VOIMAP"	"block1"	"1E32"	"1F81"	"137 189 211 138 180 146 109 188 207 190 221 161"	"何も感知しません。"	"I don't sense anything..."
"VOIMAP"	"block1"	"1E34"	"1F81"	"137 189 211 138 180 146 109 188 207 190 221 161"	"何も感知しません。"	"I don't sense anything..."
"VOIMAP"	"block1"	"1E36"	"1F81"	"137 189 211 138 180 146 109 188 207 190 221 161"	"何も感知しません。"	"I don't sense anything..."
"VOIMAP"	"block1"	"1E38"	"1F81"	"137 189 211 138 180 146 109 188 207 190 221 161"	"何も感知しません。"	"I don't sense anything..."
"VOIMAP"	"block1"	"1E3A"	"1F81"	"137 189 211 138 180 146 109 188 207 190 221 161"	"何も感知しません。"	"I don't sense anything..."
"VOIMAP"	"block1"	"1E3C"	"1F81"	"137 189 211 138 180 146 109 188 207 190 221 161"	"何も感知しません。"	"I don't sense anything..."
"VOIMAP"	"block1"	"1E3E"	"1F81"	"137 189 211 138 180 146 109 188 207 190 221 161"	"何も感知しません。"	"I don't sense anything..."
"VOIMAP"	"block1"	"1E40"	"1F81"	"137 189 211 138 180 146 109 188 207 190 221 161"	"何も感知しません。"	"I don't sense anything..."
"VOIMAP"	"block1"	"1E42"	"1F81"	"137 189 211 138 180 146 109 188 207 190 221 161"	"何も感知しません。"	"I don't sense anything..."
"VOIMAP"	"block1"	"1E44"	"1F81"	"137 189 211 138 180 146 109 188 207 190 221 161"	"何も感知しません。"	"I don't sense anything..."
"VOIMAP"	"block1"	"1E46"	"1F81"	"137 189 211 138 180 146 109 188 207 190 221 161"	"何も感知しません。"	"I don't sense anything..."
"VOIMAP"	"block1"	"1E48"	"1F81"	"137 189 211 138 180 146 109 188 207 190 221 161"	"何も感知しません。"	"I don't sense anything..."
"VOIMAP"	"block1"	"1E4A"	"1F81"	"137 189 211 138 180 146 109 188 207 190 221 161"	"何も感知しません。"	"I don't sense anything..."
"VOIMAP"	"block1"	"1E4C"	"1F81"	"137 189 211 138 180 146 109 188 207 190 221 161"	"何も感知しません。"	"I don't sense anything..."
"VOIMAP"	"block1"	"1E4E"	"1F81"	"137 189 211 138 180 146 109 188 207 190 221 161"	"何も感知しません。"	"I don't sense anything..."
"VOIMAP"	"block1"	"1E50"	"1F81"	"137 189 211 138 180 146 109 188 207 190 221 161"	"何も感知しません。"	"I don't sense anything..."
"VOIMAP"	"block1"	"1E52"	"1F81"	"137 189 211 138 180 146 109 188 207 190 221 161"	"何も感知しません。"	"I don't sense anything..."
"VOIMAP"	"block1"	"1E54"	"1F81"	"137 189 211 138 180 146 109 188 207 190 221 161"	"何も感知しません。"	"I don't sense anything..."
"VOIMAP"	"block1"	"1E56"	"1F81"	"137 189 211 138 180 146 109 188 207 190 221 161"	"何も感知しません。"	"I don't sense anything..."
"VOIMAP"	"block1"	"1E58"	"1F81"	"137 189 211 138 180 146 109 188 207 190 221 161"	"何も感知しません。"	"I don't sense anything..."
"VOIMAP"	"block1"	"1E5A"	"1F81"	"137 189 211 138 180 146 109 188 207 190 221 161"	"何も感知しません。"	"I don't sense anything..."
"VOIMAP"	"block1"	"1E5C"	"1F81"	"137 189 211 138 180 146 109 188 207 190 221 161"	"何も感知しません。"	"I don't sense anything..."
"VOIMAP"	"block1"	"1E5E"	"1F81"	"137 189 211 138 180 146 109 188 207 190 221 161"	"何も感知しません。"	"I don't sense anything..."
"VOIMAP"	"block1"	"1E60"	"1F81"	"137 189 211 138 180 146 109 188 207 190 221 161"	"何も感知しません。"	"I don't sense anything..."
"VOIMAP"	"block1"	"1E62"	"1F81"	"137 189 211 138 180 146 109 188 207 190 221 161"	"何も感知しません。"	"I don't sense anything..."
"VOIMAP"	"block1"	"1E64"	"1F81"	"137 189 211 138 180 146 109 188 207 190 221 161"	"何も感知しません。"	"I don't sense anything..."
"VOIMAP"	"block1"	"1E66"	"1F81"	"137 189 211 138 180 146 109 188 207 190 221 161"	"何も感知しません。"	"I don't sense anything..."
"VOIMAP"	"block1"	"1E68"	"1F81"	"137 189 211 138 180 146 109 188 207 190 221 161"	"何も感知しません。"	"I don't sense anything..."
"VOIMAP"	"block1"	"1E6A"	"1F81"	"137 189 211 138 180 146 109 188 207 190 221 161"	"何も感知しません。"	"I don't sense anything..."
"VOIMAP"	"block1"	"1E6C"	"1F81"	"137 189 211 138 180 146 109 188 207 190 221 161"	"何も感知しません。"	"I don't sense anything..."
"VOIMAP"	"block1"	"1E6E"	"1F81"	"137 189 211 138 180 146 109 188 207 190 221 161"	"何も感知しません。"	"I don't sense anything..."
"VOIMAP"	"block1"	"1E70"	"1F81"	"137 189 211 138 180 146 109 188 207 190 221 161"	"何も感知しません。"	"I don't sense anything..."
"VOIMAP"	"block1"	"1E72"	"1F81"	"137 189 211 138 180 146 109 188 207 190 221 161"	"何も感知しません。"	"I don't sense anything..."
"VOIMAP"	"block1"	"1E74"	"1F81"	"137 189 211 138 180 146 109 188 207 190 221 161"	"何も感知しません。"	"I don't sense anything..."
"VOIMAP"	"block1"	"1E76"	"1F81"	"137 189 211 138 180 146 109 188 207 190 221 161"	"何も感知しません。"	"I don't sense anything..."
"VOIMAP"	"block1"	"1E78"	"1F81"	"137 189 211 138 180 146 109 188 207 190 221 161"	"何も感知しません。"	"I don't sense anything..."
"VOIMAP"	"block1"	"1E7A"	"1F81"	"137 189 211 138 180 146 109 188 207 190 221 161"	"何も感知しません。"	"I don't sense anything..."
"VOIMAP"	"block1"	"1E7C"	"1F81"	"137 189 211 138 180 146 109 188 207 190 221 161"	"何も感知しません。"	"I don't sense anything..."
"VOIMAP"	"block1"	"1E7E"	"1F81"	"137 189 211 138 180 146 109 188 207 190 221 161"	"何も感知しません。"	"I don't sense anything..."
"VOIMAP"	"block1"	"1E80"	"1F81"	"137 189 211 138 180 146 109 188 207 190 221 161"	"何も感知しません。"	"I don't sense anything..."
"VOIMAP"	"block1"	"1E82"	"1F81"	"137 189 211 138 180 146 109 188 207 190 221 161"	"何も感知しません。"	"I don't sense anything..."
"VOIMAP"	"block1"	"1E84"	"1F81"	"137 189 211 138 180 146 109 188 207 190 221 161"	"何も感知しません。"	"I don't sense anything..."
"VOIMAP"	"block1"	"1E86"	"1F81"	"137 189 211 138 180 146 109 188 207 190 221 161"	"何も感知しません。"	"I don't sense anything..."
"VOIMAP"	"block1"	"1E88"	"1F81"	"137 189 211 138 180 146 109 188 207 190 221 161"	"何も感知しません。"	"I don't sense anything..."
"VOIMAP"	"block1"	"1E8A"	"1F81"	"137 189 211 138 180 146 109 188 207 190 221 161"	"何も感知しません。"	"I don't sense anything..."
"VOIMAP"	"block1"	"1E8C"	"1F81"	"137 189 211 138 180 146 109 188 207 190 221 161"	"何も感知しません。"	"I don't sense anything..."
"VOIMAP"	"block1"	"1E8E"	"1F81"	"137 189 211 138 180 146 109 188 207 190 221 161"	"何も感知しません。"	"I don't sense anything..."
"VOIMAP"	"block1"	"1E90"	"1F81"	"137 189 211 138 180 146 109 188 207 190 221 161"	"何も感知しません。"	"I don't sense anything..."
"VOIMAP"	"block1"	"1E92"	"1F81"	"137 189 211 138 180 146 109 188 207 190 221 161"	"何も感知しません。"	"I don't sense anything..."
"VOIMAP"	"block1"	"1E94"	"1F81"	"137 189 211 138 180 146 109 188 207 190 221 161"	"何も感知しません。"	"I don't sense anything..."
"VOIMAP"	"block1"	"1E96"	"1F81"	"137 189 211 138 180 146 109 188 207 190 221 161"	"何も感知しません。"	"I don't sense anything..."
"VOIMAP"	"block1"	"1E98"	"1F81"	"137 189 211 138 180 146 109 188 207 190 221 161"	"何も感知しません。"	"I don't sense anything..."
"VOIMAP"	"block1"	"1E9A"	"1F81"	"137 189 211 138 180 146 109 188 207 190 221 161"	"何も感知しません。"	"I don't sense anything..."
"VOIMAP"	"block1"	"1E9C"	"1F81"	"137 189 211 138 180 146 109 188 207 190 221 161"	"何も感知しません。"	"I don't sense anything..."
"VOIMAP"	"block1"	"1E9E"	"1F81"	"137 189 211 138 180 146 109 188 207 190 221 161"	"何も感知しません。"	"I don't sense anything..."
"VOIMAP"	"block1"	"1EA0"	"1F81"	"137 189 211 138 180 146 109 188 207 190 221 161"	"何も感知しません。"	"I don't sense anything..."
"VOIMAP"	"block1"	"1EA2"	"1F81"	"137 189 211 138 180 146 109 188 207 190 221 161"	"何も感知しません。"	"I don't sense anything..."
"VOIMAP"	"block1"	"1EA4"	"1F81"	"137 189 211 138 180 146 109 188 207 190 221 161"	"何も感知しません。"	"I don't sense anything..."
"VOIMAP"	"block1"	"1EA6"	"1F81"	"137 189 211 138 180 146 109 188 207 190 221 161"	"何も感知しません。"	"I don't sense anything..."
"VOIMAP"	"block1"	"1EA8"	"1F81"	"137 189 211 138 180 146 109 188 207 190 221 161"	"何も感知しません。"	"I don't sense anything..."
"VOIMAP"	"block1"	"1EAA"	"1F81"	"137 189 211 138 180 146 109 188 207 190 221 161"	"何も感知しません。"	"I don't sense anything..."
"VOIMAP"	"block1"	"1EAC"	"1F81"	"137 189 211 138 180 146 109 188 207 190 221 161"	"何も感知しません。"	"I don't sense anything..."
"VOIMAP"	"block1"	"1EAE"	"1F81"	"137 189 211 138 180 146 109 188 207 190 221 161"	"何も感知しません。"	"I don't sense anything..."
"VOIMAP"	"block1"	"1EB0"	"1F81"	"137 189 211 138 180 146 109 188 207 190 221 161"	"何も感知しません。"	"I don't sense anything..."
"VOIMAP"	"block1"	"1EB2"	"1F81"	"137 189 211 138 180 146 109 188 207 190 221 161"	"何も感知しません。"	"I don't sense anything..."
"VOIMAP"	"block1"	"1EB4"	"1F81"	"137 189 211 138 180 146 109 188 207 190 221 161"	"何も感知しません。"	"I don't sense anything..."
"VOIMAP"	"block1"	"1EB6"	"1F81"	"137 189 211 138 180 146 109 188 207 190 221 161"	"何も感知しません。"	"I don't sense anything..."
"VOIMAP"	"block1"	"1EB8"	"1F81"	"137 189 211 138 180 146 109 188 207 190 221 161"	"何も感知しません。"	"I don't sense anything..."
"VOIMAP"	"block1"	"1EBA"	"1F81"	"137 189 211 138 180 146 109 188 207 190 221 161"	"何も感知しません。"	"I don't sense anything..."
"VOIMAP"	"block1"	"1EBC"	"1F81"	"137 189 211 138 180 146 109 188 207 190 221 161"	"何も感知しません。"	"I don't sense anything..."
"VOIMAP"	"block1"	"1EBE"	"1F81"	"137 189 211 138 180 146 109 188 207 190 221 161"	"何も感知しません。"	"I don't sense anything..."
"VOIMAP"	"block1"	"1EC0"	"1F81"	"137 189 211 138 180 146 109 188 207 190 221 161"	"何も感知しません。"	"I don't sense anything..."
"VOIMAP"	"block1"	"1EC2"	"1F81"	"137 189 211 138 180 146 109 188 207 190 221 161"	"何も感知しません。"	"I don't sense anything..."
"VOIMAP"	"block1"	"1EC4"	"1F81"	"137 189 211 138 180 146 109 188 207 190 221 161"	"何も感知しません。"	"I don't sense anything..."
"VOIMAP"	"block1"	"1EC6"	"1F81"	"137 189 211 138 180 146 109 188 207 190 221 161"	"何も感知しません。"	"I don't sense anything..."
"VOIMAP"	"block1"	"1EC8"	"1F81"	"137 189 211 138 180 146 109 188 207 190 221 161"	"何も感知しません。"	"I don't sense anything..."
"VOIMAP"	"block1"	"1ECA"	"1F81"	"137 189 211 138 180 146 109 188 207 190 221 161"	"何も感知しません。"	"I don't sense anything..."
"VOIMAP"	"block1"	"1ECC"	"1F81"	"137 189 211 138 180 146 109 188 207 190 221 161"	"何も感知しません。"	"I don't sense anything..."
"VOIMAP"	"block1"	"1ECE"	"1F81"	"137 189 211 138 180 146 109 188 207 190 221 161"	"何も感知しません。"	"I don't sense anything..."
"VOIMAP"	"block1"	"1ED0"	"1F81"	"137 189 211 138 180 146 109 188 207 190 221 161"	"何も感知しません。"	"I don't sense anything..."
"VOIMAP"	"block1"	"1ED2"	"1F81"	"137 189 211 138 180 146 109 188 207 190 221 161"	"何も感知しません。"	"I don't sense anything..."
"VOIMAP"	"block1"	"1ED4"	"1F81"	"137 189 211 138 180 146 109 188 207 190 221 161"	"何も感知しません。"	"I don't sense anything..."
"VOIMAP"	"block1"	"1ED6"	"1F81"	"137 189 211 138 180 146 109 188 207 190 221 161"	"何も感知しません。"	"I don't sense anything..."
"VOIMAP"	"block1"	"1ED8"	"1F81"	"137 189 211 138 180 146 109 188 207 190 221 161"	"何も感知しません。"	"I don't sense anything..."
"VOIMAP"	"block1"	"1EDA"	"1F81"	"137 189 211 138 180 146 109 188 207 190 221 161"	"何も感知しません。"	"I don't sense anything..."
"VOIMAP"	"block1"	"1EDC"	"1F81"	"137 189 211 138 180 146 109 188 207 190 221 161"	"何も感知しません。"	"I don't sense anything..."
"VOIMAP"	"block1"	"1EDE"	"1FFB"	"147 71 130 170 178 207 189 161"	"敵がいます。"	"It's an enemy. "
"VOIMAP"	"block2"	"2500"	"2502"	"86 79 73 68 145 229 144 237 138 205"	"ＶＯＩＤ大戦艦[00]ＶＯＩＤ　ＳＨＩＰ"	"Great Battleship[00]VOID Ship"
