"ptrOffset"	"ptrBytes"	"strOffset"	"type"	"name"	"name_translation"	"strText"	"translation"
"0000E89F"	"4CF7"	"0000EEF7"	"dialogue"	"　　　　　　　
カ―ペンタ―　
"	"Carpenter"	"ぼくしの　カ―ペンタ―と　いいます。"	"I am Reverend Carpenter."
"0000E8A3"	"4D0A"	"0000EF0A"	"dialogue"	"　　　　　　　
カ―ペンタ―　
"	"Carpenter"	"ここには　かいぶつが　はいってこないの
で　あんぜんです。"	"Thankfully this church is safe from monsters."
"0000E8A7"	"4D28"	"0000EF28"	"dialogue"	"　　　　　　　
カ―ペンタ―　
"	"Carpenter"	"かみよ　まもりたまえ。"	"May God be with you."
"0000E8AB"	"4D34"	"0000EF34"	"dialogue"	"　　　　　　　
キャリ―　　　
"	"Carrie"	"がっこうに　まだ　のこされているひとが
いるはずよ。"	"I think there might be survivors inside the school. It's to the south-west of the city hall."
"0000E8AF"	"4D4F"	"0000EF4F"	"dialogue"	"　　　　　　　
キャリ―　　　
"	"Carrie"	"わたしはキャリ―。　うんよく　ここにこ
れて　よかったわ。　さっきやくしょでひ
とかげをみたわ　はやくいってあげて！"	"I'm Carrie. Good thing I got here safe. Anyway, there may be someone left in the city hall to the south!"
"0000E8B3"	"4D8A"	"0000EF8A"	"dialogue"	"　　　　　　　
キャリ―　　　
"	"Carrie"	"たくさんのひとが　しんだのでしょうね。"	"So many people must have died..."
"0000E8B7"	"4D9E"	"0000EF9E"	"dialogue"	"　　　　　　　
フランクリン　
"	"Franklin"	"あんた　Ｓ―ＳＷＡＴかい？"	"You're from S-SWAT?"
"0000E8BB"	"4DAC"	"0000EFAC"	"dialogue"	"　　　　　　　
フランクリン　
"	"Franklin"	"おんなに　ようは　ねえ。"	"I don't need help from a woman."
"0000E8BF"	"4DB9"	"0000EFB9"	"dialogue"	"　　　　　　　
ジャネツト　　
"	"Janet"	"あのひとは　フランクリンぐんそうです。"	"The man over there is Sergeant Franklin."
"0000E8C3"	"4DCD"	"0000EFCD"	"dialogue"	"　　　　　　　
ジャネツト　　
"	"Janet"	"あのこが　いないわ。　キャロル！　がっ
こうの　どこかにいるはず・・・　"	"Can you help? My pupil, Carol, is missing! She must be in this school..."
"0000E8C7"	"4DF2"	"0000EFF2"	"dialogue"	"　　　　　　　
キャロル　　　
"	"Carol"	"せんせいはどこ？　さがしものをしていた
の　ごめんなさい。"	"Where's the teacher? I can't find her... I'm sorry..."
"0000E8CB"	"4E10"	"0000F010"	"dialogue"	"　　　　　　　
キャロル　　　
"	"Carol"	"えっ　きょうかいで　まっていればいいの
うん　わかった。"	"Oh... I'll wait in the church then. Lead the way."
"0000E8CF"	"4E2D"	"0000F02D"	"dialogue"	"　　　　　　　
キャロル　　　
"	"Carol"	"ありがとう！　はやく　せんせいも　たす
けて！"	"Thank you! Hurry up and help the others!"
"0000E8D3"	"4E45"	"0000F045"	"dialogue"	"　　　　　　　
ウェルズ　　　
"	"Wells"	"なんだ　おまえは！　なにか　ようか？"	"Who are you? What do you want?!"
"0000E8D7"	"4E58"	"0000F058"	"dialogue"	"　　　　　　　
ウェルズ　　　
"	"Wells"	"なに？　きょうかいは　あんぜんなのか。
それなら　わしは　きょうかいへゆくぞ。"	"Huh? The church is safe, you say? In that case, I'll go there."
"0000E8DB"	"4E80"	"0000F080"	"dialogue"	"　　　　　　　
ウェルズ　　　
"	"Wells"	"いいきに　なるな！"	"Don't get complacent yet!"
"0000E8DF"	"4E8A"	"0000F08A"	"dialogue"			"ドアは　とじている。"	"The door is closed."
"0000E8E3"	"4E95"	"0000F095"	"dialogue"			"ＭＡＸ―ＭＦちが　４０になった！"	"Max MF up to 40!"
"0000E8E7"	"4EA6"	"0000F0A6"	"dialogue"			"パスワ―ドを　みますか？
　みる(ＰＡＳＳＷＯＲＤ)
　みない(ＣＯＮＴＩＮＵＥ)"	"View the password?[FE][FE][FE]   Yes (PASSWORD)[FE][FE]   No (CONTINUE)"
"0000E8EB"	"4ED0"	"0000F0D0"	"dialogue"	"　　　　　　　
カ―ペンタ―　
"	"Carpenter"	"ごぶじでしたか。　しんぱいしました。"	"Ah, you're fine. I was worried."
"0000E8EF"	"4EE3"	"0000F0E3"	"dialogue"	"　　　　　　　
カ―ペンタ―　
"	"Carpenter"	"ボ―トですか？　やくしょのきたに　ボ―
トごやが　あります。　いってみてくださ
い。"	"Do you need a boat? You may find one in a boat rental hut north of the city hall."
"0000E8F3"	"4F0E"	"0000F10E"	"dialogue"	"　　　　　　　
カ―ペンタ―　
"	"Carpenter"	"いきのこった　ひとたちを　はやくたすけ
てください。"	"Please, help the other survivors."
"0000E8F7"	"4F29"	"0000F129"	"dialogue"	"　　　　　　　
カ―ペンタ―　
"	"Carpenter"	"あなたが　さいごの　きぼうです。"	"You're our only hope."
"0000E8FB"	"4F3A"	"0000F13A"	"dialogue"	"　　　　　　　
キャリ―　　　
"	"Carrie"	"わたしは　みんぞくがくを　けんきゅうし
ていたの。　そのとき　よくびょういんの
せんせいにも　おせわになったわ。"	"I used to study folklore. The hospital's doctor helped me a lot with my research."
"0000E8FF"	"4F73"	"0000F173"	"dialogue"	"　　　　　　　
キャリ―　　　
"	"Carrie"	"みずうみの　メルティラという　いせきで
こうこがくしゃの　ホイットマンせんせい
が　ゆくえふめいに　なったの。"	"There is an archeological site at Lake Meltia. Prof. Whitman was last seen there."
"0000E903"	"4FAB"	"0000F1AB"	"dialogue"	"　　　　　　　
キャリ―　　　
"	"Carrie"	"ホイットマンさん　ごぶじでしたのね。　
ドラッグストアのほうは　どうなのかしら
？"	"I'm glad you saved Prof. Whitman. Could you go check out the drugstore next?"
"0000E907"	"4FD5"	"0000F1D5"	"dialogue"	"　　　　　　　
フランクリン　
"	"Franklin"	"やるもんだな　おれは　フランクリンだ。"	"Not bad. I'm Franklin. "
"0000E90B"	"4FE9"	"0000F1E9"	"dialogue"	"　　　　　　　
フランクリン　
"	"Franklin"	"イ―ストバンクの　みなみに　ぐんのキャ
ンプが　あるはずだ。　ようすをみてきて
くれ！"	"There should be a military camp south of east lakeside. You should check it out pronto!"
"0000E90F"	"5015"	"0000F215"	"dialogue"	"　　　　　　　
フランクリン　
"	"Franklin"	"ゴ―ドンにあえたか？　よし　びょういん
は　おれにまかせとけ。"	"You met Gordon? Great! Now, leave the hospital to me. You check up on the church."
"0000E913"	"5035"	"0000F235"	"dialogue"	"　　　　　　　
ジャネツト　　
"	"Janet"	"キャロルは　ぶじだったのね。　よかった
。　わたしも　きょうかいへ　ゆくわ。"	"Carol is safe? Good, I'm going to the church then."
"0000E917"	"505C"	"0000F25C"	"dialogue"	"　　　　　　　
ジャネツト　　
"	"Janet"	"ありがとう。　はやく　フランクリンさん
を　たすけてあげて。"	"Thank you. Please, help out Mr. Franklin."
"0000E91B"	"507B"	"0000F27B"	"dialogue"	"　　　　　　　
ジャネツト　　
"	"Janet"	"こんなこと　もう　たくさんよ！"	"I don't want to see any more death!"
"0000E91F"	"508B"	"0000F28B"	"dialogue"	"　　　　　　　
キャロル　　　
"	"Carol"	"せんせいは　どこ？"	"Where's the teacher?"
"0000E923"	"5095"	"0000F295"	"dialogue"	"　　　　　　　
キャロル　　　
"	"Carol"	"せんせいだ！　よかった。"	"Teacher! Thank you for saving her."
"0000E927"	"50A2"	"0000F2A2"	"dialogue"	"　　　　　　　
キャロル　　　
"	"Carol"	"がんばってね。"	"Do your best."
"0000E92B"	"50AA"	"0000F2AA"	"dialogue"	"　　　　　　　
ウェルズ　　　
"	"Wells"	"こんなとこに　いつまで　いるつもりだ。
ぐんたいは　どうしたんだ。"	"How long are we supposed to stay here? Where's the army when you need it?"
"0000E92F"	"50CC"	"0000F2CC"	"dialogue"	"　　　　　　　
ロジャ―　　　
"	"Roger"	"そこにわかいおとこの　したいがあった。"	"*It's a corpse of a young man.*"
"0000E933"	"50E0"	"0000F2E0"	"dialogue"	"　　　　　　　
ゴ―ドン　　　
"	"Gordon"	"あんた　Ｓ―ＳＷＡＴかい？
おれは　ゴ―ドン。
ここのぶっしも　もうわずかなんだ。
どうしてもってんなら　おれのライフルを
もっていけ。"	"You're with S-SWAT? I'm Gordon. There aren't many supplies left... Take my rifle, it should help."
"0000E937"	"5125"	"0000F325"	"dialogue"	"　　　　　　　
ゴ―ドン　　　
"	"Gordon"	"そうか　フランクリンは　ぶじか。　はこ
のなかにだんやくがある。　もうとったか
？"	"Franklin's fine? I'm glad to hear that. Have you opened that crate? There's ammo in it."
"0000E93B"	"514F"	"0000F34F"	"dialogue"	"　　　　　　　
ゴ―ドン　　　
"	"Gordon"	"おれは　だいじょうぶだ　あんたも　がん
ばれよ。"	"I'll be fine. Keep it up, you hear?"
"0000E93F"	"5168"	"0000F368"	"dialogue"	"　　　　　　　
ホイットマン　
"	"Whitman"	"たすけてくれ！　いせきを　しらべにきた
ら　ばけものに　おそわれて・・・えっ？
きょうかいは　あんぜんなのか。　よし　
わたしも　きょうかいへ　ひなんしよう。"	"Please, help! I came here to research these ruins, but they're full of monsters! The church is safe? Please, take me there!"
"0000E943"	"51B8"	"0000F3B8"	"dialogue"	"　　　　　　　
ホイットマン　
"	"Whitman"	"たすかった。　どうもありがとう。"	"Thank you! I owe you my life."
"0000E947"	"51C9"	"0000F3C9"	"dialogue"	"　　　　　　　
ウェス　　　　
"	"Wes"	"おれは　ウェス。　うえにまだ　ひとがい
る。　カギならドクタ―・バスが　もって
いるはずだ。"	"I'm Wes. I think there are survivors on the upper floor. Dr. Bass should have the key."
"0000E94B"	"51F8"	"0000F3F8"	"dialogue"	"　　　　　　　
ピ―タ―　　　
"	"Peter"	"おれはピ―タ―。　ここをすてるつもりは
ないね。　みんなのいるところへ　かえん
な！"	"I'm Peter. I'm not going anywhere. I won't leave my stuff behind!"
"0000E94F"	"5223"	"0000F423"	"dialogue"			"ドアは　とじている。"	"The door is closed."
"0000E953"	"522E"	"0000F42E"	"dialogue"			"ドアが　ひらいた！"	"The door is opened!"
"0000E957"	"5238"	"0000F438"	"dialogue"			"はかいされた　たてものの　あとだ。
かいだんも　のぼれそうに　ない。"	"The building is in ruins. It's too dangerous to go upstairs."
"0000E95B"	"525B"	"0000F45B"	"dialogue"			"ＭＡＸ―ＭＦちが　６０になった！"	"Max MF up to 60!"
"0000E95F"	"526C"	"0000F46C"	"dialogue"			"パスワ―ドを　みますか？
　みる(ＰＡＳＳＷＯＲＤ)
　みない(ＣＯＮＴＩＮＵＥ)"	"View the password?[FE][FE][FE]   Yes (PASSWORD)[FE][FE]   No (CONTINUE)"
"0000E963"	"5296"	"0000F496"	"dialogue"	"　　　　　　　
カ―ペンタ―　
"	"Carpenter"	"かみよ　このものを　まもりたまえ。"	"God, please protect this brave soul."
"0000E967"	"52A8"	"0000F4A8"	"dialogue"	"　　　　　　　
カ―ペンタ―　
"	"Carpenter"	"びょういんは　ぶじでしょうか？"	"Is the hospital safe?"
"0000E96B"	"52B8"	"0000F4B8"	"dialogue"	"　　　　　　　
カ―ペンタ―　
"	"Carpenter"	"そんなはなしを　きいたことがあります。"	"Yes, I've heard such rumors too..."
"0000E96F"	"52CC"	"0000F4CC"	"dialogue"	"　　　　　　　
キャリ―　　　
"	"Carrie"	"まちのひがしの　やまごやに　このとちに
くわしい　オマド―ンがいるの　あってき
て！"	"Omadon lives in a cabin on the east side of town. She knows much about these lands. You should meet her!"
"0000E973"	"52F7"	"0000F4F7"	"dialogue"	"　　　　　　　
キャリ―　　　
"	"Carrie"	"インディアンの　オマド―ンに　あったよ
うね。　このまちには　ふしぎな　でんし
ょうが　たくさん　のこっているの。"	"So you've met Omadon, the Indian. There are many mysterious legends about this town..."
"0000E977"	"5331"	"0000F531"	"dialogue"	"　　　　　　　
キャリ―　　　
"	"Carrie"	"もういちど　オマド―ンに　あったほうが
いいわ。　それに　サンドラのほうは　だ
いじょうぶかしら。"	"You should talk to Omadon again. Hopefully you can find Sandra on your travels."
"0000E97B"	"5363"	"0000F563"	"dialogue"	"　　　　　　　
フランクリン　
"	"Franklin"	"ここは　へいきさ。　それより　さっきち
かから　ものおとが　したぜ。"	"Everything's under control. By the way, I've been hearing strange sounds coming from below."
"0000E97F"	"5386"	"0000F586"	"dialogue"	"　　　　　　　
フランクリン　
"	"Franklin"	"ネコのこいっぴき　とおしゃしねえぜ。"	"Not even a kitty could sneak through."
"0000E983"	"5399"	"0000F599"	"dialogue"	"　　　　　　　
ジャネツト　　
"	"Janet"	"ピ―タ―さんも　ぶじでしたの？　びょ
ういんのふたりは　ぶじかしら？"	"Peter is alive? Thank goodness. What about the people at the hospital?"
"0000E987"	"53BC"	"0000F5BC"	"dialogue"	"　　　　　　　
ジャネツト　　
"	"Janet"	"ほようじょ　けんせつのため　ウィヌスキ
―がわぞいの　としょかんを　こわしたや
さきですわ　こんなことになったのわ。"	"This all happened after they demolished the library on the Winooski riverside to build a resort."
"0000E98B"	"53F7"	"0000F5F7"	"dialogue"	"　　　　　　　
キャロル　　　
"	"Carol"	"がんばってね。"	"Do your best."
"0000E98F"	"53FF"	"0000F5FF"	"dialogue"	"　　　　　　　
サンドラ　　　
"	"Sandra"	"わたしは　サンドラ。　いったい　ドクタ
―は　いまどこに？"	"I'm Sandra. I wonder where the Doctor is..."
"0000E993"	"541D"	"0000F61D"	"dialogue"	"　　　　　　　
サンドラ　　　
"	"Sandra"	"わたしにけんじゅうを　かしてください。
ここで　フランクリンさんと　いっしょに
パトリックさんを　まもっていますわ。"	"Please, lend me your pistol. Franklin and I will stay here and protect Patrick."
"0000E997"	"5458"	"0000F658"	"dialogue"	"　　　　　　　
パトリック　　
"	"Patrick"	"そのせいねんは　こんすいじょうたいのま
まである。"	"*This young man seems to be in a coma.*"
"0000E99B"	"5472"	"0000F672"	"dialogue"	"　　　　　　　
ウェルズ　　　
"	"Wells"	"はやく　なんとかしろ！"	"Do something already!"
"0000E99F"	"547E"	"0000F67E"	"dialogue"	"　　　　　　　
ウェルズ　　　
"	"Wells"	"ほようじょは　まちの　はってんのため
だ。　このじけんとは　かんけいない！"	"That resort was meant to increase tourism! It has NOTHING to do with this incident!"
"0000E9A3"	"54A4"	"0000F6A4"	"dialogue"	"　　　　　　　
ロジャ―　　　
"	"Roger"	"そこに　わかいおとこの　したいが　あっ
た。"	"*It's a corpse of a young man.*"
"0000E9A7"	"54BB"	"0000F6BB"	"dialogue"	"　　　　　　　
ゴ―ドン　　　
"	"Gordon"	"ここいらのゾンビは　さっきまで　おれの
ぶかだった　やつらでな。　あいつらを　
このままには　しておけねえんだよ！"	"All these zombies used to be my men... I have to take care of this myself!"
"0000E9AB"	"54F5"	"0000F6F5"	"dialogue"	"　　　　　　　
ホイットマン　
"	"Whitman"	"あのいせきは　なぜたてられたのだろう？
としょかんの　はっくつひんと　かんけい
が　あるのだろうか・・・？"	"Who created those ancient ruins? Could they be related to the artifacts in the library...?"
"0000E9AF"	"552B"	"0000F72B"	"dialogue"	"　　　　　　　
ホイットマン　
"	"Whitman"	"としょかんあとからの　はっくつひんは　
ずいぶん　めずらしいものが　おおかった
よ。"	"We recovered many curious artifacts from the remains of the library."
"0000E9B3"	"5556"	"0000F756"	"dialogue"	"　　　　　　　
ピ―タ―　　　
"	"Peter"	"あんたも　さっさと　でていったほうが　
みのためだぜ。"	"You'd best get out of here quick."
"0000E9B7"	"5572"	"0000F772"	"dialogue"	"　　　　　　　
オマド―ン　　
"	"Omadon"	"わしのはなしを　ききたいかね？　このま
ちが　まものに　おそわれたのは　これで
２どめ　なのじゃよ。"	"So you want to hear my tales? This is actually the second time our town has been attacked by evil."
"0000E9BB"	"55A5"	"0000F7A5"	"dialogue"	"　　　　　　　
オマド―ン　　
"	"Omadon"	"このあたりが　メルティアと　よばれてい
たころ　よみのくにから　まものどもが　
あふれ　でてきたのじゃ。"	"Back when this land was called Meltia, evil creatures poured out of the realm of the dead."
"0000E9BF"	"55DA"	"0000F7DA"	"dialogue"	"　　　　　　　
オマド―ン　　
"	"Omadon"	"すべてが　やきつくされようとしたとき　
ひとりの　ゆうしゃがあらわれ　６つのひ
かりで　まものをはらったのじゃ。"	"Just when hope was all but lost, a Hero appeared, and dispelled the monsters with Six Lights."
"0000E9C3"	"5613"	"0000F813"	"dialogue"	"　　　　　　　
オマド―ン　　
"	"Omadon"	"その　すべてのことを　かたりついだのが
こだいインディアン。　つまり　わしらの
そせんたち　なのじゃ。"	"This legend has been handed down throughout the years by Native Americans... That is, my ancestors."
"0000E9C7"	"5647"	"0000F847"	"dialogue"	"　　　　　　　
ドクタ―・バス
"	"Dr. Bass"	"あの　ばけものどもを　かいぼうして　こ
の　かいげんしょうの　てがかりを　えよ
うと　おもったんだが・・・やつらは　ま
ともじゃない・・・あんな　すがたで　い
きていられるとは・・・ゴホッ
・・・このカギで　２かいの　ふたりを
・・・ゴフッ"	"I thought I could discover a clue about this situation by dissecting those monsters, but... There's nothing scientific about them... How could they still be alive after an autopsy...? *cough* Use this key to unlock the door... upstairs...... *cough*"
"0000E9CB"	"56C0"	"0000F8C0"	"dialogue"	"　　　　　　　
ドクタ―・バス
"	"Dr. Bass"	"なふだに　ドクタ―・バスとある。
・・・かれはしんだ。"	"*His name tag reads ""Dr. Bass""... He's dead.*"
"0000E9CF"	"56DC"	"0000F8DC"	"dialogue"	"　　　　　　　
フラン　　　　
"	"Fran"	"わたしは　フラン。　スティ―ブンが　か
えってこないの。　むこうの　はこから　
へんなおとが！"	"I'm Fran. Why hasn't Stephen come back yet? And what's that noise coming from the box?"
"0000E9D3"	"570C"	"0000F90C"	"dialogue"	"　　　　　　　
フラン　　　　
"	"Fran"	"わたしはここで　スティ―ブンをまつわ。"	"I'm staying here. I'll wait for Stephen... my boyfriend.  "
"0000E9D7"	"5720"	"0000F920"	"dialogue"			"したから　かぜがくる。"	"There is wind coming from below."
"0000E9DB"	"572C"	"0000F92C"	"dialogue"			"したに　つづくかいだんが　あった。"	"There are hidden stairs leading down underneath the box."
"0000E9DF"	"573E"	"0000F93E"	"dialogue"			"はかいされた　たてものの　あとだ。　か
いだんも　のぼれそうに　ない。"	"The building is in ruins. It's too dangerous to go upstairs."
"0000E9E3"	"5762"	"0000F962"	"dialogue"			"としょかんあとの　ようだ。　けど　やっ
ぱりなにもない。"	"It looks like the remains of a library. There's nothing of interest here."
"0000E9E7"	"577F"	"0000F97F"	"dialogue"			"ＭＡＸ―ＭＦちが　８０になった！"	"Max MF up to 80!"
"0000E9EB"	"5790"	"0000F990"	"dialogue"			"パスワ―ドを　みますか？
　みる(ＰＡＳＳＷＯＲＤ)
　みない(ＣＯＮＴＩＮＵＥ)"	"View the password?[FE][FE][FE]   Yes (PASSWORD)[FE][FE]   No (CONTINUE)"
"0000E9EF"	"57BA"	"0000F9BA"	"dialogue"	"　　　　　　　
フランクリン　
"	"Franklin"	"カギを　もってるんなら　さっさとはいん
な！"	"You could have told me you had the key!"
"0000E9F3"	"57D1"	"0000F9D1"	"dialogue"	"　　　　　　　
ドクタ―・バス
"	"Dr. Bass"	"わたしが　バスだが・・・"	"Yes, I'm Dr. Bass..."
"0000E9F7"	"57DE"	"0000F9DE"	"dialogue"	"　　　　　　　
カ―ペンタ―　
"	"Carpenter"	"ごぶじでしたか。"	"I'm glad to see you're well."
"0000E9FB"	"57E7"	"0000F9E7"	"dialogue"	"　　　　　　　
カ―ペンタ―　
"	"Carpenter"	"はかもりのロジャ―は　ぶじでしょうか？"	"Is Roger, the gravekeeper, safe?"
"0000E9FF"	"57FB"	"0000F9FB"	"dialogue"	"　　　　　　　
カ―ペンタ―　
"	"Carpenter"	"あの　ロジャ―が・・・"	"Poor Roger..."
"0000EA03"	"5807"	"0000FA07"	"dialogue"	"　　　　　　　
キャリ―　　　
"	"Carrie"	"オマド―ンさんが　そんなはなしを・・・"	"Omadon's story is hard to believe..."
"0000EA07"	"581B"	"0000FA1B"	"dialogue"	"　　　　　　　
キャリ―　　　
"	"Carrie"	"としょかんあとのと　おなじものだわ。　
あなた　それをどこで？　すででは　さわ
れないはずなのに・・・"	"That medallion is just like the one that was found in the library ruins. Where did you get it, huh? Supposedly these cannot be held with bare hands..."
"0000EA0B"	"584F"	"0000FA4F"	"dialogue"	"　　　　　　　
キャリ―　　　
"	"Carrie"	"メダリオンが　なかった　ですって？"	"Hm, the medallion wasn't in the lab?"
"0000EA0F"	"5861"	"0000FA61"	"dialogue"	"　　　　　　　
フランクリン　
"	"Franklin"	"ここは　まかせろ！　ゴ―ドンは　どうだ
った？"	"Leave this place to me! By the way, have you checked up on Gordon?"
"0000EA13"	"5879"	"0000FA79"	"dialogue"	"　　　　　　　
フランクリン　
"	"Franklin"	"ゴ―ドンが　しんだっ！　まさか・・・"	"Gordon's dead...? How terrible..."
"0000EA17"	"588C"	"0000FA8C"	"dialogue"	"　　　　　　　
ジャネツト　　
"	"Janet"	"ブラウニングは　かいはつには　はんたい
でした。　やかたは　スト―ンがわ　と　
オゥルがわの　あいだに　あります。"	"Browning was against the development plan. His mansion is between the Stone and Owl rivers."
"0000EA1B"	"58C6"	"0000FAC6"	"dialogue"	"　　　　　　　
ジャネツト　　
"	"Janet"	"ロジャ―と　ピ―タ―は　おなじたいに　
いたらしいですよ・・・"	"Roger and Peter used to be in the same unit back in the army days..."
"0000EA1F"	"58E6"	"0000FAE6"	"dialogue"	"　　　　　　　
キャロル　　　
"	"Carol"	"おうちに　かえりたい。"	"I wanna go home."
"0000EA23"	"58F2"	"0000FAF2"	"dialogue"	"　　　　　　　
サンドラ　　　
"	"Sandra"	"だいじょうぶ　もちこたえられますわ。"	"Don't worry, I can take care of myself."
"0000EA27"	"5905"	"0000FB05"	"dialogue"	"　　　　　　　
サンドラ　　　
"	"Sandra"	"パトリックさんは　ずっと　うなされてい
るんです。"	"Patrick has been having these strange nightmares constantly..."
"0000EA2B"	"591F"	"0000FB1F"	"dialogue"	"　　　　　　　
パトリック　　
"	"Patrick"	"いしきがない。"	"*He's out of it.*"
"0000EA2F"	"5927"	"0000FB27"	"dialogue"	"　　　　　　　
パトリック　　
"	"Patrick"	"ゆめに　うなされて　いるようだ。"	"*He seems to be having a nightmare.*"
"0000EA33"	"5938"	"0000FB38"	"dialogue"	"　　　　　　　
ウェルズ　　　
"	"Wells"	"わしは　いつ　たすかるのかね？"	"Can't they at least come rescue ME?"
"0000EA37"	"5948"	"0000FB48"	"dialogue"	"　　　　　　　
ウェルズ　　　
"	"Wells"	"ブラウニングの　かいはつはんたいの　お
かげで　こうじが　５ねんも　おくれてし
まったわい。"	"Because of Browning's opposition, the construction work took five years."
"0000EA3B"	"5977"	"0000FB77"	"dialogue"	"　　　　　　　
ロジャ―　　　
"	"Roger"	"そこにわかいおとこの　したいがあった。"	"*It's a corpse of a young man.*"
"0000EA3F"	"598B"	"0000FB8B"	"dialogue"	"　　　　　　　
ロジャ―　　　
"	"Roger"	"このしたいは　ロジャ―だ。　みると　し
たいのしたに　ちかへのかいだんが　つづ
いていた。"	"*That's Roger's body. There is an underground staircase hidden underneath it.*"
"0000EA43"	"59B9"	"0000FBB9"	"dialogue"	"　　　　　　　
ゴ―ドン　　　
"	"Gordon"	"ゴ―ドンは　やけしんでいた。　したいの
そばに　ふるいもんようの　きざまれた　
メダリオンが　おちていた。"	"*Gordon was burned to death. An old medallion is lying by his side. He must've dropped it.*"
"0000EA47"	"59EF"	"0000FBEF"	"dialogue"	"　　　　　　　
ゴ―ドン　　　
"	"Gordon"	"ゴ―ドンの　したいが　ある。"	"*That's Gordon's body.*"
"0000EA4B"	"59FE"	"0000FBFE"	"dialogue"	"　　　　　　　
ホイットマン　
"	"Whitman"	"わたしたちを　たすけて　ください。"	"Please, save us!"
"0000EA4F"	"5A10"	"0000FC10"	"dialogue"	"　　　　　　　
ホイットマン　
"	"Whitman"	"としょかんあとで　はっけんされた　メダ
リオンとは　いろが　ちがうね。　あれは
けんきゅうしつに　あるはずだ。"	"It's a different color from the medallion we unearthed from the library ruins. That one should still be in the laboratory. It's to the south of the city hall, just beyond the river."
"0000EA53"	"5A48"	"0000FC48"	"dialogue"	"　　　　　　　
ホイットマン　
"	"Whitman"	"けんきゅうしつに　メダリオンがない？"	"You couldn't find the medallion in the laboratory...?"
"0000EA57"	"5A5B"	"0000FC5B"	"dialogue"	"　　　　　　　
ピ―タ―　　　
"	"Peter"	"かんばれよ！"	"Take heart!"
"0000EA5B"	"5A62"	"0000FC62"	"dialogue"	"　　　　　　　
ピ―タ―　　　
"	"Peter"	"ロジャ―が　あんたみたいな　かっこのお
んなを　ぼちで　みたといってたぜ。"	"Roger said he had seen a woman wearing an outfit like you in the cemetery."
"0000EA5F"	"5A88"	"0000FC88"	"dialogue"	"　　　　　　　
ピ―タ―　　　
"	"Peter"	"ロジャ―も　やられたのか・・・"	"So, Roger is done for..."
"0000EA63"	"5A98"	"0000FC98"	"dialogue"	"　　　　　　　
オマド―ン　　
"	"Omadon"	"ここには　かいぶつも　おそっては　こん
ようじゃ。　うえにいる　むすめさんも　
わしが　みててやろう。"	"Monsters won't dare enter here. Don't worry, I'll keep an eye on the lady upstairs."
"0000EA67"	"5ACC"	"0000FCCC"	"dialogue"	"　　　　　　　
フラン　　　　
"	"Fran"	"いやよ！　スティ―ブンは　かならず　も
どってくるわ！"	"No! Stephen will be back, I just know it!"
"0000EA6B"	"5AE8"	"0000FCE8"	"dialogue"	"　　　　　　　
キャメロン　　
"	"Cameron"	"ライラ　ぶじだったか。　そうか　いきの
こったひとたちは　みんな　きょうかいに
あつまっているんだな。　よし　おれが　
きょうかいを　まもろう。　せめて　せい
ぞんしゃだけでも　たすけなきゃな。"	"Lila, I'm glad to see you in one piece. You've been gathering the survivors at the church? Good call. Take me there, the least I could do is protect them."
"0000EA6F"	"5B4A"	"0000FD4A"	"dialogue"	"　　　　　　　
キャメロン　　
"	"Cameron"	"おれの　ショットガンを　もっていきな。
それとクロネンバ―グなら　おまえのＰＳ
のうりょくを　たかめられる　はずだ。"	"Here, take my shotgun. Cronenberg should be able to increase the power of your PS."
"0000EA73"	"5B85"	"0000FD85"	"dialogue"	"　　　　　　　
クロネンバ―グ
"	"Cronenberg"	"・・・ライラ　キャメロンは　ぶじなのね
。　わたしは　きずだらけで　たちあがる
ことも　できないわ・・・。
ロメロたいさにあえば　なにか　わかるか
も・・・"	"...Lila... so Cameron is safe... I'm wounded, can't stand up... You have to find Colonel Romero. Perhaps he'll be able to help you..."
"0000EA77"	"5BD4"	"0000FDD4"	"dialogue"			"こわれた　ガラスケ―スが　ある。"	"The glass case is broken."
"0000EA7B"	"5BE5"	"0000FDE5"	"dialogue"			"メダリオンは　なかった。"	"There's no medallion anywhere."
"0000EA7F"	"5BF2"	"0000FDF2"	"dialogue"			"としょかんあとの　ようだ。"	"It looks like the remains of a library."
"0000EA83"	"5C00"	"0000FE00"	"dialogue"			"ＭＡＸ―ＭＦちが　１００になった！"	"Max MF up to 100!"
"0000EA87"	"5C12"	"0000FE12"	"dialogue"			"パスワ―ドを　みますか？
　みる(ＰＡＳＳＷＯＲＤ)
　みない(ＣＯＮＴＩＮＵＥ)"	"View the password?[FE][FE][FE]   Yes (PASSWORD)[FE][FE]   No (CONTINUE)"
"0000EA8B"	"5C3C"	"0000FE3C"	"dialogue"	"　　　　　　　
クロネンバ―グ
"	"Cronenberg"	"ライラ　まだしばらくは　だいじょうぶよ
！"	"Don't worry about me, Lila. I'll be fine on my own for a while."
"0000EA8F"	"5C52"	"0000FE52"	"dialogue"	"　　　　　　　
カ―ペンタ―　
"	"Carpenter"	"ふるいたてものは　すべて　ブラウニング
けが　たてた　ものです。"	"The older buildings were all constructed by the Browning family."
"0000EA93"	"5C73"	"0000FE73"	"dialogue"	"　　　　　　　
カ―ペンタ―　
"	"Carpenter"	"たいていの　ものは　ピ―タ―の　みせに
あるでしょう。"	"Peter's store is very well stocked. You may find what you need there."
"0000EA97"	"5C8F"	"0000FE8F"	"dialogue"	"　　　　　　　
カ―ペンタ―　
"	"Carpenter"	"かみの　ごかごが　ありますことを。"	"God bless you, my child."
"0000EA9B"	"5CA1"	"0000FEA1"	"dialogue"	"　　　　　　　
キャリ―　　　
"	"Carrie"	"びょういんは　ぶじなの？"	"Is everyone in the hospital safe?"
"0000EA9F"	"5CAE"	"0000FEAE"	"dialogue"	"　　　　　　　
キャリ―　　　
"	"Carrie"	"こんなこと　もういやよ！"	"I've had enough of this!"
"0000EAA3"	"5CBB"	"0000FEBB"	"dialogue"	"　　　　　　　
キャリ―　　　
"	"Carrie"	"べつの　メダリオンが　あったの？"	"Oh, so you found another medallion?"
"0000EAA7"	"5CCC"	"0000FECC"	"dialogue"	"　　　　　　　
フランクリン　
"	"Franklin"	"ふたりを　つれていくんだ。"	"Take those two to safety."
"0000EAAB"	"5CDA"	"0000FEDA"	"dialogue"	"　　　　　　　
フランクリン　
"	"Franklin"	"まだいけるぜ！　それより　ゴ―ドンのキ
ャンプのたなにに　むせんきが　あるはず
だ。"	"I'm fine! Go back to Gordon's camp, there should be a radio on his shelf."
"0000EAAF"	"5D05"	"0000FF05"	"dialogue"	"　　　　　　　
フランクリン　
"	"Franklin"	"だいじょうぶだ！　おれは　もうすこしこ
こを　まもってるぜ！"	"I'll be fine! I need to make sure this place is secure before departure!"
"0000EAB3"	"5D24"	"0000FF24"	"dialogue"	"　　　　　　　
ジャネツト　　
"	"Janet"	"ブラウニングけは　まえの　ちょうちょう
をさいごに　とだえたようです。"	"The previous mayor was the last member of the Browning family."
"0000EAB7"	"5D48"	"0000FF48"	"dialogue"	"　　　　　　　
ジャネツト　　
"	"Janet"	"ゆかに　あなが？"	"Hm? A hole in the floor?"
"0000EABB"	"5D51"	"0000FF51"	"dialogue"	"　　　　　　　
ジャネツト　　
"	"Janet"	"こんな　ものが　がっこうに？"	"There was something like that in the school?"
"0000EABF"	"5D60"	"0000FF60"	"dialogue"	"　　　　　　　
キャロル　　　
"	"Carol"	"がっこうのほうで　すごいおとがしたよ。"	"I heard a scary noise... It came from the school."
"0000EAC3"	"5D74"	"0000FF74"	"dialogue"	"　　　　　　　
キャロル　　　
"	"Carol"	"わたし　へいきよ。"	"I'm alright."
"0000EAC7"	"5D7E"	"0000FF7E"	"dialogue"	"　　　　　　　
サンドラ　　　
"	"Sandra"	"パトリックさんが　めざめました。"	"Patrick is awake now."
"0000EACB"	"5D8F"	"0000FF8F"	"dialogue"	"　　　　　　　
サンドラ　　　
"	"Sandra"	"パトリックさんが　しんぱいです。　わた
しも　きょうかいへ　ゆきます。　ライラ
さん　ここには　もういちどきて。"	"I'm worried about Patrick. Let's head to the church, Miss Lila."
"0000EACF"	"5DC8"	"0000FFC8"	"dialogue"	"　　　　　　　
サンドラ　　　
"	"Sandra"	"じゅうを　どうも。　それと　パトリック
さんが　ゆめのはなしを　していたわ。"	"Thanks for the gun. Patrick may have something to say about his dreams."
"0000EAD3"	"5DEF"	"0000FFEF"	"dialogue"	"　　　　　　　
パトリック　　
"	"Patrick"	"ぼくは　どうしてここに・・・？
えっ　きょうかいへゆけば　いいんですか
わかりました。"	"Why am I here...? Ah, I guess I'd best follow you to the church..."
"0000EAD7"	"5E1B"	"0001001B"	"dialogue"	"　　　　　　　
パトリック　　
"	"Patrick"	"はやくみんなを　たすけて　あげてくださ
い。"	"Please, help the others quick."
"0000EADB"	"5E32"	"00010032"	"dialogue"	"　　　　　　　
パトリック　　
"	"Patrick"	"くそっ！　ゆめが　おもいだせない。"	"Dammit! I can't recall my dream..."
"0000EADF"	"5E44"	"00010044"	"dialogue"	"　　　　　　　
パトリック　　
"	"Patrick"	"そうだ！　その　メダルと　おなじ　６つ
のひかりが　まものを　このよから　おい
はらったんだ！"	"That's it! Those medallions have the same colors as the six lights that drove away evil long ago!"
"0000EAE3"	"5E74"	"00010074"	"dialogue"	"　　　　　　　
ウェルズ　　　
"	"Wells"	"なぜ　ブラウニングは　このこうじに　は
んたい　したの　だろうか？"	"Why did Browning oppose the construction efforts, I wonder?"
"0000EAE7"	"5E96"	"00010096"	"dialogue"	"　　　　　　　
ホイットマン　
"	"Whitman"	"ふかい　なぞが　このまちには　ある。"	"This town sure has its secrets."
"0000EAEB"	"5EA9"	"000100A9"	"dialogue"	"　　　　　　　
ホイットマン　
"	"Whitman"	"この　メダリオンも　としょかんのとは　
ちがいますね。"	"This medallion is also different from the one found in the library."
"0000EAEF"	"5EC5"	"000100C5"	"dialogue"	"　　　　　　　
ピ―タ―　　　
"	"Peter"	"おれなら　しんぱいしなくて　いいぜ。"	"Don't worry about me."
"0000EAF3"	"5ED8"	"000100D8"	"dialogue"	"　　　　　　　
ピ―タ―　　　
"	"Peter"	"ゆかしたの　あなかい？　なら　このなわ
ばしごを　もっていきな。　むせんきのほ
うは　もうてにいれたか？"	"You want to go down the hole? Take this rope ladder with you. Do you have a radio?"
"0000EAF7"	"5F0D"	"0001010D"	"dialogue"	"　　　　　　　
ピ―タ―　　　
"	"Peter"	"しぬなよ！"	"Don't you die out there!"
"0000EAFB"	"5F13"	"00010113"	"dialogue"	"　　　　　　　
オマド―ン　　
"	"Omadon"	"わしといれば　このこも　あんぜんじゃ。"	"As long as I'm here, she will be safe."
"0000EAFF"	"5F27"	"00010127"	"dialogue"	"　　　　　　　
フラン　　　　
"	"Fran"	"スティ―ブン・・・"	"Stephen..."
"0000EB03"	"5F31"	"00010131"	"dialogue"	"　　　　　　　
キャメロン　　
"	"Cameron"	"クロネンバ―グは　ぶじか。　おれが　た
すけにゆければ　いいんだが・・・"	"Is Cronenberg fine, then? I wish I could have saved her myself..."
"0000EB07"	"5F56"	"00010156"	"dialogue"	"　　　　　　　
キャメロン　　
"	"Cameron"	"きょうかいは　おれひとりでいい。　クロ
ネンバ―グを　みてきてくれ。"	"I'll keep the church safe. Please, check up on Cronenberg."
"0000EB0B"	"5F79"	"00010179"	"dialogue"	"　　　　　　　
キャメロン　　
"	"Cameron"	"わかった。　はやく　クロネンバ―グを　
たすけよう。"	"Right... It's high time we help her."
"0000EB0F"	"5F94"	"00010194"	"dialogue"	"　　　　　　　
クロネンバ―グ
"	"Cronenberg"	"わたしより　ロメロたいさを・・・"	"Please, find Colonel Romero..."
"0000EB13"	"5FA5"	"000101A5"	"dialogue"	"　　　　　　　
クロネンバ―グ
"	"Cronenberg"	"ロメロたいさに　キケンが・・・"	"Colonel Romero is in danger..."
"0000EB17"	"5FB5"	"000101B5"	"dialogue"			"としょかんあとの　ようだ。"	"It looks like the remains of a library."
"0000EB1B"	"5FC3"	"000101C3"	"dialogue"			"ゴ―ドンが　つかっていた　きかいの　は
いった　たながある。"	"It's Gordon's shelf. The radio should be here."
"0000EB1F"	"5FE2"	"000101E2"	"dialogue"			"たなのなかには　むせんきが　あった。"	"There's a wireless radio on the shelf."
"0000EB23"	"5FF5"	"000101F5"	"dialogue"			"ほかには　なにもない。"	"There's nothing else here."
"0000EB27"	"6001"	"00010201"	"dialogue"			"ゆかに　あながあいている。　はしごがあ
れば　おりられるかもしれない。"	"There's a hole here. A ladder could be used to descend."
"0000EB2B"	"6025"	"00010225"	"dialogue"			"はしごが　かかった。"	"The ladder was used."
"0000EB2F"	"6030"	"00010230"	"dialogue"			"２つめの　メダリオンを　てにいれた。"	"That's the second medallion..."
"0000EB33"	"6043"	"00010243"	"dialogue"			"ＭＡＸ―ＭＦちが　１３０になった！"	"Max MF up to 130!"
"0000EB37"	"6055"	"00010255"	"dialogue"			"パスワ―ドを　みますか？
　みる(ＰＡＳＳＷＯＲＤ)
　みない(ＣＯＮＴＩＮＵＥ"	"View the password?[FE][FE][FE]   Yes (PASSWORD)[FE][FE]   No (CONTINUE)"
"0000EB3B"	"607E"	"0001027E"	"dialogue"	"　　　　　　　
カ―ペンタ―　
"	"Carpenter"	"ふしぎな　はなしばかりですね。　このま
ちは　のろわれて　いるのでしょうか？"	"It's all a real mystery. Is this town really cursed?"
"0000EB3F"	"60A5"	"000102A5"	"dialogue"	"　　　　　　　
カ―ペンタ―　
"	"Carpenter"	"やまごやのひとを　つれてこなければ。"	"If you find any survivors inside the cabin, bring them here."
"0000EB43"	"60B8"	"000102B8"	"dialogue"	"　　　　　　　
カ―ペンタ―　
"	"Carpenter"	"どう　かんしゃしたら　よいのか。"	"I can't thank you enough."
"0000EB47"	"60C9"	"000102C9"	"dialogue"	"　　　　　　　
カ―ペンタ―　
"	"Carpenter"	"なんと　おそろしい。"	"This is all so terrifying..."
"0000EB4B"	"60D4"	"000102D4"	"dialogue"	"　　　　　　　
キャリ―　　　
"	"Carrie"	"パトリックさんの　ゆめは　でんしょうと
おなじね。"	"Patrick's dream is the same as the old legend..."
"0000EB4F"	"60EE"	"000102EE"	"dialogue"	"　　　　　　　
キャリ―　　　
"	"Carrie"	"いったい　なにが・・・"	"Just WHAT is going on...?"
"0000EB53"	"60FA"	"000102FA"	"dialogue"	"　　　　　　　
フランクリン　
"	"Franklin"	"あんたこそ　きをつけろよ！"	"Worry about your own self!"
"0000EB57"	"6108"	"00010308"	"dialogue"	"　　　　　　　
フランクリン　
"	"Franklin"	"おれも　きょうかいに　ひなんするか。
でぐちまで　つれてってくれ。"	"Alright, might as well go to the church. I'll keep you company for a while."
"0000EB5B"	"612A"	"0001032A"	"dialogue"	"　　　　　　　
フランクリン　
"	"Franklin"	"ここは　ひきうけた。　そのむせんきを　
つかって　ほんぶから　きゅうえんぶっし
をもらおうぜ。"	"I'll keep this place safe. I'll use the radio to ask HQ to send us supplies."
"0000EB5F"	"615A"	"0001035A"	"dialogue"	"　　　　　　　
フランクリン　
"	"Franklin"	"
こうしんじょうたいが　わるいが　なんと
かなるだろう。"	"The signal's bad, but I'll keep trying."
"0000EB63"	"6177"	"00010377"	"dialogue"	"　　　　　　　
ジャネツト　　
"	"Janet"	"キャメロンさんは　クロネンバ―グさんを
たすけに　いきました。"	"Cameron went off to help Miss Cronenberg."
"0000EB67"	"6197"	"00010397"	"dialogue"	"　　　　　　　
ジャネツト　　
"	"Janet"	"わたしたちは　たすかるかしら。"	"I wonder if we can survive this..."
"0000EB6B"	"61A7"	"000103A7"	"dialogue"	"　　　　　　　
ジャネツト　　
"	"Janet"	"キャメロンさん　ずいぶんおそいですね。"	"Mr. Cameron has been away for a long time."
"0000EB6F"	"61BB"	"000103BB"	"dialogue"	"　　　　　　　
キャロル　　　
"	"Carol"	"なにを　はなしてるの？"	"What is everyone talking about?"
"0000EB73"	"61C7"	"000103C7"	"dialogue"	"　　　　　　　
キャロル　　　
"	"Carol"	"わたし　ねむい。"	"I'm sleepy."
"0000EB77"	"61D0"	"000103D0"	"dialogue"	"　　　　　　　
サンドラ　　　
"	"Sandra"	"ぐんそうもたすけて！　ごうじょうで　１
かいくらいじゃ　ついてこないかも　しれ
ないけど・・・"	"Please, save the Sergeant! He's so stubborn you may not be able to convince him at first..."
"0000EB7B"	"6200"	"00010400"	"dialogue"	"　　　　　　　
サンドラ　　　
"	"Sandra"	"ぐんそうが　さがしてくれた　くすりを　
もっていって　ください。"	"The Sergeant was gathering medicine. Please, find him..."
"0000EB7F"	"6221"	"00010421"	"dialogue"	"　　　　　　　
パトリック　　
"	"Patrick"	"きみならきっと　このまちをすくえるよ。"	"You will save our town. I can feel it."
"0000EB83"	"6235"	"00010435"	"dialogue"	"　　　　　　　
ウェルズ　　　
"	"Wells"	"このじけんの　おかげで　ほようちの　け
んせつどころでは　なくなったわい。　ブ
ラウニングさえ　はんたいしなければ。"	"Now we won't be able to finish that resort. If only Browning hadn't opposed it..."
"0000EB87"	"6270"	"00010470"	"dialogue"	"　　　　　　　
ウェルズ　　　
"	"Wells"	"メダリオンなど　どうでもよいわ。　はや
くわれわれを　あんぜんな　ばしょに　つ
れていかんか。"	"Medallions? Forget about those trinkets and take us somewhere safer!"
"0000EB8B"	"62A0"	"000104A0"	"dialogue"	"　　　　　　　
ウェルズ　　　
"	"Wells"	"いせきのちかには　いけと　いずみがある
と　きいたことがある。"	"I heard there's a pond and a spring under the ruins."
"0000EB8F"	"62C0"	"000104C0"	"dialogue"	"　　　　　　　
ウェルズ　　　
"	"Wells"	"ちかどうに　なにが　あるんだ。"	"That tunnel must be hiding something."
"0000EB93"	"62D0"	"000104D0"	"dialogue"	"　　　　　　　
ホイットマン　
"	"Whitman"	"６つのひかり。　メダリオン。　ほかにも
メダリオンが　あるというのか。"	"There were six lights, so that means... There must be more medallions around."
"0000EB97"	"62F4"	"000104F4"	"dialogue"	"　　　　　　　
ホイットマン　
"	"Whitman"	"つかわれていない　ちかどうが　あるはず
なんだが　いりぐちが　わからんのです。"	"There's supposed to be an abandoned tunnel somewhere, but I don't know where the entrance might be. You need to scour the entire area."
"0000EB9B"	"631C"	"0001051C"	"dialogue"	"　　　　　　　
ホイットマン　
"	"Whitman"	"そうか　いせきの　ちかが・・・なにか　
ありそうだな。"	"So it was under the ruins... I wonder where it leads."
"0000EB9F"	"6338"	"00010538"	"dialogue"	"　　　　　　　
ピ―タ―　　　
"	"Peter"	"くいものならやるが　おれはいかないぜ。"	"I've got all the food I need here. I'm not going anywhere."
"0000EBA3"	"634C"	"0001054C"	"dialogue"	"　　　　　　　
オマド―ン　　
"	"Omadon"	"スティ―ブンは　いきておる。　わしの　
いうことに　まちがいはない！"	"Stephen is alive. I am sure of it."
"0000EBA7"	"636F"	"0001056F"	"dialogue"	"　　　　　　　
オマド―ン　　
"	"Omadon"	"ライラ　このおいぼれにも　きょうりょく
させておくれ。"	"I may be an old, foolish woman, but I can still be of help to you."
"0000EBAB"	"638B"	"0001058B"	"dialogue"	"　　　　　　　
オマド―ン　　
"	"Omadon"	"このおいぼれは　ばけものにも　きらわれ
たわい。　だいじょうぶじゃよ。"	"The monsters hate me and this place. I'll be fine."
"0000EBAF"	"63AF"	"000105AF"	"dialogue"	"　　　　　　　
オマド―ン　　
"	"Omadon"	"たおすのじゃ　ライラ。　クリチャ―ども
は　もはや　なかまではない。"	"You must focus on defeating those creatures, Lila."
"0000EBB3"	"63D2"	"000105D2"	"dialogue"	"　　　　　　　
フラン　　　　
"	"Fran"	"スティ―ブンは　どこにいるの！"	"Where is Stephen?!"
"0000EBB7"	"63E2"	"000105E2"	"dialogue"	"　　　　　　　
フラン　　　　
"	"Fran"	"あたし　きょうかいにゆくわ。　オマド―
ンさん　スティ―ブンが　もどってきたら
きょうかいにいると　つたえてね。"	"I'm going to the church. Omadon, if Stephen comes back, tell him I'm at the church."
"0000EBBB"	"641B"	"0001061B"	"dialogue"	"　　　　　　　
フラン　　　　
"	"Fran"	"オマド―ンさんを　たすけにいって・・・"	"You must save Omadon..."
"0000EBBF"	"642F"	"0001062F"	"dialogue"	"　　　　　　　
クロネンバ―グ
"	"Cronenberg"	"ロメロたいさは　いせきのほうへ　いった
わ。"	"Colonel Romero went towards the ruins."
"0000EBC3"	"6446"	"00010646"	"dialogue"	"　　　　　　　
クロネンバ―グ
"	"Cronenberg"	"キャメロンが　たすけにくるまで　もちこ
たえて　みせるわ。　それより　いせきを
もういちど・・・"	"I'll hold out until Cameron arrives. You should check those ruins again..."
"0000EBC7"	"6477"	"00010677"	"dialogue"	"　　　　　　　
クロネンバ―グ
"	"Cronenberg"	"ロメロ　たいさが・・・"	"Colonel Romero..."
"0000EBCB"	"6483"	"00010683"	"dialogue"	"　　　　　　　
ロメロ　　　　
"	"Romero"	"ライラ　あのクリ―チャ―は　よみのみち
を　とおって　あらわれた　しんりゃくし
ゃなんだ・・・
くつうに　かおを　ゆがめる　ロメロ。"	"Lila, these creatures came from the underworld... *Romero's face is contorted with pain.*"
"0000EBCF"	"64C6"	"000106C6"	"dialogue"	"　　　　　　　
ロメロ　　　　
"	"Romero"	"Ｓ―ＳＷＡＴは　そういう　しんりゃくを
ふせぐため・・・

ロメロのからだが　きっかいに　へんけい
していく！"	"S-SWAT exists to... prevent their invasion... *Romero's body is transforming!*"
"0000EBD3"	"64FE"	"000106FE"	"dialogue"	"　　　　　　　
ロメロ　　　　
"	"Romero"	"Ｓ―ＳＷＡＴのそうりつを　ようせいした
のは　ブラウニングだ。　よみのみちはき
っと　このちかどうのなかに・・ウッ！　
おれのマシンガンを　もっていけ・・・"	"Browning was the reason for... S-SWAT's existence... The passage to the underworld must be in this cave... Ugh... Take my machinegun..."
"0000EBD7"	"654D"	"0001074D"	"dialogue"	"　　　　　　　
ロメロ　　　　
"	"Romero"	"かれはしんだ。　ゆうもうな　Ｓ―ＳＷＡ
Ｔたいちょうの　さいごであった。"	"*He's dead. This brave commander of S-SWAT met his untimely end here.*"
"0000EBDB"	"6572"	"00010772"	"dialogue"			"みずが　あって　すすめない。"	"The water impedes your progress."
"0000EBDF"	"6581"	"00010781"	"dialogue"			"としょかんあとの　ようだ。"	"It looks like the remains of a library."
"0000EBE3"	"658F"	"0001078F"	"dialogue"			"いずみが　ある。"	"It's a spring."
"0000EBE7"	"6598"	"00010798"	"dialogue"			"さいだん　が　ある。
なにか　きざんで　ある。
おおむかしの　もじ　かもしれない。"	"It's an altar. Something's carved on it. Seems to be an ancient language."
"0000EBEB"	"65C2"	"000107C2"	"dialogue"			"ＭＡＸ―ＭＦちが　１６０になった！"	"Max MF up to 160!"
"0000EBEF"	"65D4"	"000107D4"	"dialogue"			"パスワ―ドを　みますか？
　みる(ＰＡＳＳＷＯＲＤ)
　みない(ＣＯＮＴＩＮＵＥ)"	"View the password?[FE][FE][FE]   Yes (PASSWORD)[FE][FE]   No (CONTINUE)"
"0000EBF3"	"65FE"	"000107FE"	"dialogue"	"　　　　　　　
サンドラ　　　
"	"Sandra"	"がんばって　くださいね。"	"Please, give it your all."
"0000EBF7"	"660B"	"0001080B"	"dialogue"	"　　　　　　　
ピ―タ―　　　
"	"Peter"	"・・・・"	"..."
"0000EBFB"	"6610"	"00010810"	"dialogue"	"　　　　　　　
カ―ペンタ―　
"	"Carpenter"	"これは　せかいの　しゅうまつなのでしょ
うか？"	"Could this be the end of the world?"
"0000EBFF"	"6628"	"00010828"	"dialogue"	"　　　　　　　
カ―ペンタ―　
"	"Carpenter"	"ウェスの　ようすを　みてきてくれません
か？"	"Could you go check how Wes is doing?"
"0000EC03"	"663F"	"0001083F"	"dialogue"	"　　　　　　　
カ―ペンタ―　
"	"Carpenter"	"ぎせいしゃに　やすらかな　ねむりを。"	"May the victims rest in peace."
"0000EC07"	"6652"	"00010852"	"dialogue"	"　　　　　　　
キャリ―　　　
"	"Carrie"	"いったい　なにが　おこっているの？"	"Seriously, what's going on?"
"0000EC0B"	"6664"	"00010864"	"dialogue"	"　　　　　　　
キャリ―　　　
"	"Carrie"	"その　メルティアとは　こだい　インディ
アンのことばで　はざまという　いみよ。
えっ？　ウェルズさん　なにか？"	"Apparently, ""Meltia"" was the ancient Native word for ""rift"". Hm, what's with Wells?"
"0000EC0F"	"669C"	"0001089C"	"dialogue"	"　　　　　　　
フランクリン　
"	"Franklin"	"ぐんが　きゅうえんぶっしの　ア―マ―と
ばくやくを　ぼちに　とうかしてくれるず
だ。"	"The army has airdropped armor and explosives at the cemetery."
"0000EC13"	"66C7"	"000108C7"	"dialogue"	"　　　　　　　
フランクリン　
"	"Franklin"	"へんだな　ばくやくも　あるはずだが？"	"Weird. They were supposed to send explosives as well."
"0000EC17"	"66DA"	"000108DA"	"dialogue"	"　　　　　　　
ジャネツト　　
"	"Janet"	"わたしたちは　どうなるの？"	"What's going to happen to us?"
"0000EC1B"	"66E8"	"000108E8"	"dialogue"	"　　　　　　　
ジャネツト　　
"	"Janet"	"ウェスさんとあなたは　いとこどうしね。
クロネンバ―グさんは　しっていると　お
もうけど・・・"	"So you and Wes are cousins. I have a feeling that Miss Cronenberg knew about this..."
"0000EC1F"	"6718"	"00010918"	"dialogue"	"　　　　　　　
キャロル　　　
"	"Carol"	"うちに　かえれる？"	"Can I go home?"
"0000EC23"	"6722"	"00010922"	"dialogue"	"　　　　　　　
サンドラ　　　
"	"Sandra"	"くすりを　つかって。"	"Use that medicine, okay?"
"0000EC27"	"672D"	"0001092D"	"dialogue"	"　　　　　　　
パトリック　　
"	"Patrick"	"いそがないと　いけないな。"	"There's not much time left."
"0000EC2B"	"673B"	"0001093B"	"dialogue"	"　　　　　　　
ウェルズ　　　
"	"Wells"	"ブラウニングが　Ｓ―ＳＷＡＴを　せつり
つさせただと。　どうしてやつが？"	"What? Browning founded S-SWAT? Why would he do that?"
"0000EC2F"	"6760"	"00010960"	"dialogue"	"　　　　　　　
ウェルズ　　　
"	"Wells"	"このしゃしんのこは　２０ねんまえに　ま
ちをでた　ブラウニングの　むすめの　エ
ミリアだな。　そして　ブラウニングには
　ウェスという　むすこも　いるはずだ。"	"The girl in this photo is Emilia, Browning's daughter. She left the town 20 years ago. Browning also had a son called Wes."
"0000EC33"	"67B0"	"000109B0"	"dialogue"	"　　　　　　　
ホイットマン　
"	"Whitman"	"よみのみち　ですか・・・
ブラウニングのやかたに　たしか　ちかが
・・・"	"The underworld... Come to think of it, Browning's mansion has a basement..."
"0000EC37"	"67D5"	"000109D5"	"dialogue"	"　　　　　　　
ホイットマン　
"	"Whitman"	"これは　たしか　としょかんあとの　メダ
リオンだ。"	"Yes, this is indeed the medallion from the library ruins."
"0000EC3B"	"67EF"	"000109EF"	"dialogue"	"　　　　　　　
ホイットマン　
"	"Whitman"	"ちかどうが　あやしい。　いせきのちかを
てっていてきに　しらべるんだ。"	"That underground tunnel is suspicious. The ruins must be investigated thoroughly."
"0000EC3F"	"6813"	"00010A13"	"dialogue"	"　　　　　　　
ホイットマン　
"	"Whitman"	"いずみといけが　ちかどうに・・・なにか
あるな・・・"	"A spring and a pond, hidden underground? Interesting..."
"0000EC43"	"682E"	"00010A2E"	"dialogue"	"　　　　　　　
ウェス　　　　
"	"Wes"	"きみは　メダリオンを　もてるのか・・・
これをもっていてくれ。　メダリオンは　
おれが　けんきゅうしつから　ぬすみ　ち
かしつへ　にげこんだのさ。"	"You have the medallions... Take this. I stole this medallion from the lab. Afterwards, I hid here."
"0000EC47"	"6878"	"00010A78"	"dialogue"	"　　　　　　　
ウェス　　　　
"	"Wes"	"きみはライラか？　２かいの　とうなんの
こべやに　いってみろ。　きみに　かかわ
るなにかが　あるはずだ。"	"Are you Lila? Go in the south-eastern room on the second floor. There's something you should see."
"0000EC4B"	"68AD"	"00010AAD"	"dialogue"	"　　　　　　　
ウェス　　　　
"	"Wes"	"それはエミリアおばさんの　しゃしんだ。
やはりきみも　ブラウニングの　ちをひく
ものなのか・・・"	"That's a photo of my aunt, Emilia. You say she's your mother? I knew it... The blood of the Browning family flows in your veins."
"0000EC4F"	"68DE"	"00010ADE"	"dialogue"	"　　　　　　　
ピ―タ―　　　
"	"Peter"	"くいものなら　やるぜ。"	"I still have food here. I'm not moving an inch."
"0000EC53"	"68EA"	"00010AEA"	"dialogue"	"　　　　　　　
オマド―ン　　
"	"Omadon"	"ブラウニングが　じけんのカギを　にぎっ
ておるのじゃ。"	"Browning family holds the key to this incident."
"0000EC57"	"6906"	"00010B06"	"dialogue"	"　　　　　　　
オマド―ン　　
"	"Omadon"	"こんな　おばばでも　なにか　やくにたつ
じゃろう。　いつでも　きなされ。"	"I may be an old fool, but I can still be of help to you. Come back any time."
"0000EC5B"	"692B"	"00010B2B"	"dialogue"	"　　　　　　　
フラン　　　　
"	"Fran"	"スティ―ブン・・・かいものにでも・・・"	"Oh, Stephen... If only you hadn't gone shopping..."
"0000EC5F"	"693F"	"00010B3F"	"dialogue"	"　　　　　　　
フラン　　　　
"	"Fran"	"スティ―ブンと　またあえるなんて。　あ
りがとう。"	"I had almost lost hope of seeing Stephen again. I can't thank you enough."
"0000EC63"	"6959"	"00010B59"	"dialogue"	"　　　　　　　
キャメロン　　
"	"Cameron"	"もうだいじょうぶ。　クロネンバ―グは　
つれかえった。　なに　ロメロたいさが・
・・"	"I've brought Cronenberg here. What? Colonel Romero is...?"
"0000EC67"	"6984"	"00010B84"	"dialogue"	"　　　　　　　
キャメロン　　
"	"Cameron"	"とにかく　ちかどうにある　よみのみちを
みつけなければ。
それに　ロメロたいさと　いっしょにいた
キャッスルも　しんぱいだ。"	"You must find this ""underworld"". I'm also worried about Castle. He was supposed to be with the Colonel..."
"0000EC6B"	"69C3"	"00010BC3"	"dialogue"	"　　　　　　　
クロネンバ―グ
"	"Cronenberg"	"キャメロンと　あなたのおかげで　たすか
ったわ。　このグレネ―ド・ランチャ―を
つかって。"	"It's thanks to you and Cameron that I'm alive. Here, take this grenade launcher."
"0000EC6F"	"69F1"	"00010BF1"	"dialogue"	"　　　　　　　
クロネンバ―グ
"	"Cronenberg"	"あなたじしんに　ＰＳしょりをして　うま
くいけば　ＰＳしょりのうりょくが　まえ
よりますはずだけど・・・。
だめね・・・。
わたしの　ちからが　たりないわ。"	"If I use PS REM on you, your own skill should become stronger, but... I don't have enough power to do it."
"0000EC73"	"6A40"	"00010C40"	"dialogue"	"　　　　　　　
クロネンバ―グ
"	"Cronenberg"	"ライラ　その　しゃしんは！"	"Lila, that photo...!"
"0000EC77"	"6A4E"	"00010C4E"	"dialogue"	"　　　　　　　
クロネンバ―グ
"	"Cronenberg"	"エミリアは　いちぞくのちをきらい　この
まちをでて　あなたをうんだわ。　でも　
あなたを　にゅうたいさせたのは・・・ブ
ラウニング・・・あなたのおじいさんよ。"	"Emilia hated her bloodline, and left this town before giving birth to you. But it was Mr. Browning... your grandfather... that requested your presence in S-SWAT."
"0000EC7B"	"6A9E"	"00010C9E"	"dialogue"	"　　　　　　　
ロメロ　　　　
"	"Romero"	"そこには　ロメロの　したいが　あった。"	"*It's Romero's corpse.*"
"0000EC7F"	"6AB2"	"00010CB2"	"dialogue"	"　　　　　　　
スティ―ブン　
"	"Stephen"	"ぼくは　スティ―ブン。　えっ　フランは
ぶじなんですか。　よかった　ぼくも　き
ょうかいへ　ゆきます。"	"My name is Stephen. What, Fran is fine? Thank God! Please, take me to the church!"
"0000EC83"	"6AE6"	"00010CE6"	"dialogue"	"　　　　　　　
スティ―ブン　
"	"Stephen"	"ライラさん。　フランを　たすけて　もら
って　ありがとう。　そうだ　このライト
やくにたつかも？"	"Thank you for saving Fran. I hope this flashlight might help you."
"0000EC87"	"6B17"	"00010D17"	"dialogue"			"ライラは　エミリアの　しゃしんを　みつ
けた。"	"Lila found a picture of Emilia."
"0000EC8B"	"6B2F"	"00010D2F"	"dialogue"			"ほかには　なにもない。"	"There's nothing else here."
"0000EC8F"	"6B3B"	"00010D3B"	"dialogue"			"ドアは　とじている。"	"The door is closed."
"0000EC93"	"6B46"	"00010D46"	"dialogue"			"ドアが　ひらいた！"	"The door is opened!"
"0000EC97"	"6B50"	"00010D50"	"dialogue"			"みずが　あって　すすめない。"	"The water impedes your progress."
"0000EC9B"	"6B5F"	"00010D5F"	"dialogue"			"どこかと　つながって　いるのだろうか？"	"Perhaps there's a way to cut the flow from somewhere?"
"0000EC9F"	"6B73"	"00010D73"	"dialogue"			"としょかんあとの　ようだ。　ここにきて
も　むだなようだ。"	"It looks like the remains of a library. There's no point in being here."
"0000ECA3"	"6B91"	"00010D91"	"dialogue"			"いけがある。　いずみと　かんけいあるの
だろうか？"	"There's a pond here. Perhaps it's connected to the spring somehow?"
"0000ECA7"	"6BAB"	"00010DAB"	"dialogue"			"わきみずの　ようだ。"	"That looks like spring water."
"0000ECAB"	"6BB6"	"00010DB6"	"dialogue"			"ア―マ―を　てにいれた"	"I got an armor."
"0000ECAF"	"6BC2"	"00010DC2"	"dialogue"			"ＭＡＸ―ＭＦちが　１９０になった！"	"Max MF up to 190!"
"0000ECB3"	"6BD4"	"00010DD4"	"dialogue"			"パスワ―ドを　みますか？
　みる(ＰＡＳＳＷＯＲＤ)
　みない(ＣＯＮＴＩＮＵＥ)"	"View the password?[FE][FE][FE]   Yes (PASSWORD)[FE][FE]   No (CONTINUE)"
"0000ECB7"	"6BFE"	"00010DFE"	"dialogue"	"　　　　　　　
サンドラ　　　
"	"Sandra"	"がんばって　くださいね。"	"Please, give it your all."
"0000ECBB"	"6C0B"	"00010E0B"	"dialogue"	"　　　　　　　
ピ―タ―　　　
"	"Peter"	"・・・・"	"..."
"0000ECBF"	"6C10"	"00010E10"	"dialogue"	"　　　　　　　
カ―ペンタ―　
"	"Carpenter"	"せいぞんしゃを　はやく　きょうかいへ！"	"Bring any survivors you find here!"
"0000ECC3"	"6C24"	"00010E24"	"dialogue"	"　　　　　　　
カ―ペンタ―　
"	"Carpenter"	"ブラウニングの　はかは　いりぐちから　
２れつめ　ひだりから　５ばんめです。"	"Browning's grave is in the second row from the entrance. It's the fifth one from the left."
"0000ECC7"	"6C4B"	"00010E4B"	"dialogue"	"　　　　　　　
カ―ペンタ―　
"	"Carpenter"	"はかに　これが？"	"You say this was inside the grave?"
"0000ECCB"	"6C54"	"00010E54"	"dialogue"	"　　　　　　　
カ―ペンタ―　
"	"Carpenter"	"まだ　いきのこっている　ひとがいたら　
はやく　きゅうしつを！"	"There must be some other survivors. Please save them!"
"0000ECCF"	"6C74"	"00010E74"	"dialogue"	"　　　　　　　
キャリ―　　　
"	"Carrie"	"はざまとは　このせかいと　べつのせかい
の　あいだのことで　まちは　そこに　い
ちしていて　よみのみちが　そのいりぐち
なのね。"	"Basically, the town itself is the ""rift"" between two worlds... the entrance to the underworld."
"0000ECD3"	"6CB5"	"00010EB5"	"dialogue"	"　　　　　　　
キャリ―　　　
"	"Carrie"	"きっと　メダリオンは　よみのみちの　ふ
ういんのため　なにかのかたちを　むすぶ
ように　おかれたのよ。"	"The medallions must have been created as a physical seal for the underworld passage."
"0000ECD7"	"6CE9"	"00010EE9"	"dialogue"	"　　　　　　　
フランクリン　
"	"Franklin"	"ばくやくについて　かくにん　してみる。"	"I'll try to find out what happened to the explosives."
"0000ECDB"	"6CFD"	"00010EFD"	"dialogue"	"　　　　　　　
フランクリン　
"	"Franklin"	"いま　れんらくを　とってるんだが。"	"I'm trying to reach the army via the radio."
"0000ECDF"	"6D0F"	"00010F0F"	"dialogue"	"　　　　　　　
フランクリン　
"	"Franklin"	"ほんぶは　ばくやくも　いっしょに　とう
かしたらしい。"	"HQ is sure they airdropped the explosives too."
"0000ECE3"	"6D2B"	"00010F2B"	"dialogue"	"　　　　　　　
フランクリン　
"	"Franklin"	"あるだけ　きゅうえんぶっしを　くうゆし
てもらおう。　えんぐんもじきのはずだ。"	"If they managed to airdrop supplies, they should be able to send actual reinforcements soon."
"0000ECE7"	"6D53"	"00010F53"	"dialogue"	"　　　　　　　
ジャネツト　　
"	"Janet"	"とても　キャロルが　かわいそうで。"	"Poor Carol..."
"0000ECEB"	"6D65"	"00010F65"	"dialogue"	"　　　　　　　
ジャネツト　　
"	"Janet"	"ウェスさんも　なくなられたのですか・・
・
"	"Oh... So even Wes is gone..."
"0000ECEF"	"6D7C"	"00010F7C"	"dialogue"	"　　　　　　　
キャロル　　　
"	"Carol"	"いつ　かえれるの？"	"When can we go home?"
"0000ECF3"	"6D86"	"00010F86"	"dialogue"	"　　　　　　　
キャロル　　　
"	"Carol"	"おねえさん　こわいよ。"	"I'm scared..."
"0000ECF7"	"6D92"	"00010F92"	"dialogue"	"　　　　　　　
サンドラ　　　
"	"Sandra"	"クロネンバ―グさんは　わたしが　みてま
すわ。"	"I'll take good care of Miss Cronenberg, don't worry."
"0000ECFB"	"6DAA"	"00010FAA"	"dialogue"	"　　　　　　　
サンドラ　　　
"	"Sandra"	"くすりですか？　どうぞ。"	"Do you need any medicine? Here."
"0000ECFF"	"6DB7"	"00010FB7"	"dialogue"	"　　　　　　　
パトリック　　
"	"Patrick"	"ライラ　きみが　たよりだ。"	"You are our only hope, Lila."
"0000ED03"	"6DC5"	"00010FC5"	"dialogue"	"　　　　　　　
パトリック　　
"	"Patrick"	"６つのひかりとは　メダリオンに　ちがい
ない。　はやくのこりを　みつけるんだ。"	"The Six Lights must be the medallions. You have to find all of them."
"0000ED07"	"6DED"	"00010FED"	"dialogue"	"　　　　　　　
ウェルズ　　　
"	"Wells"	"すまんが　やくしょまで　つれていってく
れんか？　やはりだめか・・・"	"I don't suppose you could take me to the city hall? No? Well, it was worth a try..."
"0000ED0B"	"6E10"	"00011010"	"dialogue"	"　　　　　　　
ウェルズ　　　
"	"Wells"	"ふむ・・・"	"Hmph..."
"0000ED0F"	"6E16"	"00011016"	"dialogue"	"　　　　　　　
ホイットマン　
"	"Whitman"	"ブラウニングけは　こんどのじけんを　ま
えもって　しっていて　Ｓ―ＳＷＡＴを
つくらせた・・・"	"Browning knew this would happen, so he established S-SWAT as a last resort..."
"0000ED13"	"6E46"	"00011046"	"dialogue"	"　　　　　　　
ホイットマン　
"	"Whitman"	"これで４つめ！　のこりは２つ。　いせき
のちかの　さいだんといずみに　ひみつが
あるかも・・・"	"That's the fourth one! Only two to go. The altar and the spring inside the ruins may hold a secret."
"0000ED17"	"6E76"	"00011076"	"dialogue"	"　　　　　　　
ホイットマン　
"	"Whitman"	"ちかどうのいけは　たぶん　いせきに　よ
くある　トラップだろう。　たぶん　いず
みといけは　つながっているな。　いずみ
のほとりの　あかつちでも　ながしてみる
といい。　そして　どうなったか　おしえ
てくれ。"	"Underground ponds are traps typical of ancient ruins. I believe the spring and the pond are connected. Pour this red dye inside the spring and then check the pond. Let me know what happens."
"0000ED1B"	"6EDF"	"000110DF"	"dialogue"	"　　　　　　　
ホイットマン　
"	"Whitman"	"そうか。　すると　いっぽうを　ふさげば
・・・　クロネンバ―グなら　いいかんが
えを　もっているかも・・・"	"I see. There must be a way to interrupt the flow. Cronenberg may know what to do..."
"0000ED1F"	"6F15"	"00011115"	"dialogue"	"　　　　　　　
ウェス　　　　
"	"Wes"	"ウェスの　したいのそばに　なにかのもよ
うが　かいてあった。　どうやら　このも
ようは　ブラウニングの　もんしようのよ
うだ。　また　メダリオンとも　おなじも
ようだった。"	"*You see a pattern drawn on the ground near Wes's body. It must be the Browning family crest. It's the same as the pattern on the medallions.*"
"0000ED23"	"6F6C"	"0001116C"	"dialogue"	"　　　　　　　
ピ―タ―　　　
"	"Peter"	"そろそろきょうかいに　にげるとするか。"	"Alright, I guess I can go to the church now."
"0000ED27"	"6F80"	"00011180"	"dialogue"	"　　　　　　　
ピ―タ―　　　
"	"Peter"	"この　かえんほうしゃきを　もっていきな
。"	"Thanks. Take this flamethrower. "
"0000ED2B"	"6F96"	"00011196"	"dialogue"	"　　　　　　　
ピ―タ―　　　
"	"Peter"	"ロジャ―が　ブラウニングを　ほうむった
とき　ひかるいしみたいなものを　みたそ
うだ。"	"Roger once told me that Browning was buried with some kind of a shiny stone."
"0000ED2F"	"6FC2"	"000111C2"	"dialogue"	"　　　　　　　
ピ―タ―　　　
"	"Peter"	"すまねえな。　ばくやくは　おれが　いた
だいちまったんだ。　みせの　ひだりおく
の　たなのうえだ。"	"Uh, sorry. I helped myself to the explosives. They're in my shop, on the top-left shelf."
"0000ED33"	"6FF4"	"000111F4"	"dialogue"	"　　　　　　　
オマド―ン　　
"	"Omadon"	"いせきの　さいだんのいみは　わかったの
かい？"	"Do you understand the significance of the altar inside the ruins?"
"0000ED37"	"700C"	"0001120C"	"dialogue"	"　　　　　　　
オマド―ン　　
"	"Omadon"	"わしなら　さいだんのもじが　よめるはず
じゃ。"	"Indeed, I am more than capable of reading the text on the altar."
"0000ED3B"	"7024"	"00011224"	"dialogue"	"　　　　　　　
オマド―ン　　
"	"Omadon"	"もうすこしでひかりが　みえるはずじゃ。"	"Light will cut through the darkness. I'm sure of it."
"0000ED3F"	"7038"	"00011238"	"dialogue"	"　　　　　　　
フラン　　　　
"	"Fran"	"がんばってね。"	"Do your best."
"0000ED43"	"7040"	"00011240"	"dialogue"	"　　　　　　　
キャメロン　　
"	"Cameron"	"まったく　だんがんが　つうじない　クリ
―チャ―も　いるぜ。"	"There are creatures that cannot be hurt with bullets. Watch yourself."
"0000ED47"	"705F"	"0001125F"	"dialogue"	"　　　　　　　
キャメロン　　
"	"Cameron"	"ちかどうを　さぐって　よみのみちを　み
つけだすんだ。"	"Search that tunnel. You must find the path to the underworld."
"0000ED4B"	"707B"	"0001127B"	"dialogue"	"　　　　　　　
クロネンバ―グ
"	"Cronenberg"	"ブラウニングのちをひく　あなたなら　き
っと　しんりゃくを　とめられるはずよ。"	"The blood of the Browning family flows in your veins. Only you can stop this invasion."
"0000ED4F"	"70A3"	"000112A3"	"dialogue"	"　　　　　　　
クロネンバ―グ
"	"Cronenberg"	"あなたによって　ブラウニングは　よみが
えるわけね。"	"The Browning family lives on through you."
"0000ED53"	"70BE"	"000112BE"	"dialogue"	"　　　　　　　
クロネンバ―グ
"	"Cronenberg"	"いずみを　ばくはして　みずを　とめてみ
たらどうかしら。　ちかどうのおくに　い
けるかも・・・"	"You could try using explosives on the spring... it might interrupt the flow of water."
"0000ED57"	"70EE"	"000112EE"	"dialogue"	"　　　　　　　
スティ―ブン　
"	"Stephen"	"フランとふたりで　けんとうを　いのって
います。"	"Fran and I will pray for your safety."
"0000ED5B"	"7107"	"00011307"	"dialogue"			"たなが　ある。"	"You see the shelf."
"0000ED5F"	"710F"	"0001130F"	"dialogue"			"ばくやくが　あった。"	"There are explosives here."
"0000ED63"	"711A"	"0001131A"	"dialogue"			"ほかには　なにもない。"	"There's nothing else here."
"0000ED67"	"7126"	"00011326"	"dialogue"			"ふるい　はかが　ある。"	"It's an old grave."
"0000ED6B"	"7132"	"00011332"	"dialogue"			"ブラウニングの　はか。"	"It's Browning's grave."
"0000ED6F"	"713E"	"0001133E"	"dialogue"			"はかしたに　かいだんが　ある。"	"There are stairs under the grave."
"0000ED73"	"714E"	"0001134E"	"dialogue"			"みずがあって　すすめない。"	"The water impedes your progress."
"0000ED77"	"715C"	"0001135C"	"dialogue"			"いけに　さっきながした　あかつちが　う
いてきた！　ホイットマンさんに　ほうこ
くを・・・"	"You see the red dye you poured in the spring flowing through the pond! You should report back to Whitman."
"0000ED7B"	"718A"	"0001138A"	"dialogue"			"ふるい　せきひが　ある。"	"It's an ancient stone monument."
"0000ED7F"	"7197"	"00011397"	"dialogue"			"ふしぎな　もじが　かかれている。
これをよめるのは　オマド―ンだけだ。"	"It's engraved with strange letters. Only Omadon would be able to read this."
"0000ED83"	"71BB"	"000113BB"	"dialogue"			"オマド―ンは　もじを　よみあげた。

まちをおおう　６つのひかりが　かたちづ
くる　《ふういん》がくずれ　よみのみち
ひらかれしとき　いけいの　ものども　あ
ふれきたらん。"	"Omadon reads out the words. ""The Six Lights were shaped into a [Seal] to protect this town. Were the Seal to be destroyed, the passage to the underworld shall open, and evil shall flow out incessantly."""
"0000ED87"	"7212"	"00011412"	"dialogue"			"としょかんあとの　ようだ。"	"It looks like the remains of a library."
"0000ED8B"	"7220"	"00011420"	"dialogue"			"いずみがある。
いけと　かんけいありそうだ。"	"There is a spring here. It might have something to do with the pond."
"0000ED8F"	"7237"	"00011437"	"dialogue"			"ライラは　あかつちを　ながした。"	"Lila poured in the red dye."
"0000ED93"	"7248"	"00011448"	"dialogue"			"いずみがある。"	"There is a spring here."
"0000ED97"	"7250"	"00011450"	"dialogue"			"ばくやくを　セットした。
ボタンを　おしてください！"	"The explosives have been set. Press the button!"
"0000ED9B"	"726B"	"0001146B"	"dialogue"			"４つめの　メダリオンを　てにいれた。"	"I got the fourth medallion."
"0000ED9F"	"727E"	"0001147E"	"dialogue"			"ＭＡＸ―ＭＦちが　２２０になった！"	"Max MF up to 220!"
"0000EDA3"	"7290"	"00011490"	"dialogue"			"パスワ―ドを　みますか？
　みる(ＰＡＳＳＷＯＲＤ)
　みない(ＣＯＮＴＩＮＵＥ)"	"View the password?[FE][FE][FE]   Yes (PASSWORD)[FE][FE]   No (CONTINUE)"
"0000EDA7"	"72BA"	"000114BA"	"dialogue"	"　　　　　　　
サンドラ　　　
"	"Sandra"	"がんばって　くださいね。"	"Please, give it your all."
"0000EDAB"	"72C7"	"000114C7"	"dialogue"	"　　　　　　　
カ―ペンタ―　
"	"Carpenter"	"わたしは　ただいのる　だけです。"	"There is nothing else I can do but pray."
"0000EDAF"	"72D8"	"000114D8"	"dialogue"	"　　　　　　　
カ―ペンタ―　
"	"Carpenter"	"しんだひとの　ごめいふくを　いのりまし
ょう。"	"May she rest in peace."
"0000EDB3"	"72F0"	"000114F0"	"dialogue"	"　　　　　　　
キャリ―　　　
"	"Carrie"	"ウェルズちょうちょうなら　でていったわ
。"	"You need Mayor Wells? He's just left."
"0000EDB7"	"7306"	"00011506"	"dialogue"	"　　　　　　　
キャリ―　　　
"	"Carrie"	"ブラウニングいちぞくも　いじげんから？"	"Could the Browning family have come from another world as well?"
"0000EDBB"	"731A"	"0001151A"	"dialogue"	"　　　　　　　
キャリ―　　　
"	"Carrie"	"・・・"	"..."
"0000EDBF"	"731E"	"0001151E"	"dialogue"	"　　　　　　　
フランクリン　
"	"Franklin"	"ほんぶからぶっしが　おくられてくるぜ。"	"HQ has sent more supplies."
"0000EDC3"	"7332"	"00011532"	"dialogue"	"　　　　　　　
フランクリン　
"	"Franklin"	"なんてこった・・・"	"No way..."
"0000EDC7"	"733C"	"0001153C"	"dialogue"	"　　　　　　　
ジャネツト　　
"	"Janet"	"キャロルも　おちついて　きたわ。"	"Carol has calmed down."
"0000EDCB"	"734D"	"0001154D"	"dialogue"	"　　　　　　　
ジャネツト　　
"	"Janet"	"かいはつに　あたって　ちょうちょうに　
ワイロが　わたったという　うわさがあっ
たわ。　えっ　ちょうちょうは　どこにい
ったのよ？"	"Back when they were working on that resort, there were rumors of the Mayor having received a bribe... Hold on, where is Mayor Wells?"
"0000EDCF"	"738F"	"0001158F"	"dialogue"	"　　　　　　　
ジャネツト　　
"	"Janet"	"わたしたちが　いきのこらなければ・・・"	"We have to survive, for her sake as well..."
"0000EDD3"	"73A3"	"000115A3"	"dialogue"	"　　　　　　　
キャロル　　　
"	"Carol"	"わたし　へいきよ。"	"I'm alright."
"0000EDD7"	"73AD"	"000115AD"	"dialogue"	"　　　　　　　
キャロル　　　
"	"Carol"	"おねえさん　クロネンバ―グさんが・・・"	"No, not Miss Cronenberg..."
"0000EDDB"	"73C1"	"000115C1"	"dialogue"	"　　　　　　　
サンドラ　　　
"	"Sandra"	"クロネンバ―グさんは　かなりじゅうしょ
うです。"	"Miss Cronenberg is in a worse condition than she wants to admit."
"0000EDDF"	"73DA"	"000115DA"	"dialogue"	"　　　　　　　
サンドラ　　　
"	"Sandra"	"くすりですか？　どうぞ。"	"Do you need any medicine? Here you go."
"0000EDE3"	"73E7"	"000115E7"	"dialogue"	"　　　　　　　
サンドラ　　　
"	"Sandra"	"クロネンバ―グさん・・・"	"Miss Cronenberg..."
"0000EDE7"	"73F4"	"000115F4"	"dialogue"	"　　　　　　　
サンドラ　　　
"	"Sandra"	"がんばって　くださいね。"	"Please, give it your all."
"0000EDEB"	"7401"	"00011601"	"dialogue"	"　　　　　　　
パトリック　　
"	"Patrick"	"すべてが　かいけつされれば　きっとまた
へいわが　もどってくるさ・・・"	"If you can do this, peace will return to our town..."
"0000EDEF"	"7425"	"00011625"	"dialogue"	"　　　　　　　
パトリック　　
"	"Patrick"	"またひとり・・・"	"Not again..."
"0000EDF3"	"742E"	"0001162E"	"dialogue"	"　　　　　　　
ウェルズ　　　
"	"Wells"	"やくしょに　たいせつな　しょるいを　と
りにきたんだ。"	"I had to come here to recover some very important documents."
"0000EDF7"	"744A"	"0001164A"	"dialogue"	"　　　　　　　
ウェルズ　　　
"	"Wells"	"たしかにかいはつで　ワイロがわたったと
いううわさはあったが　それはデマじゃ。
わかった。　うるさいおんなだ　きょうか
いに　かえればいいんじゃろう。"	"Yes, there were rumors that I was bribed to approve the construction of that resort, but they're all bull. Alright, alright! Stubborn woman... I'm going back to the church."
"0000EDFB"	"7496"	"00011696"	"dialogue"	"　　　　　　　
ウェルズ　　　
"	"Wells"	"すまん　こんなときに　かいはつが　どう
のこうのといって・・・"	"Is there really any point in talking about the resort right now?"
"0000EDFF"	"74B6"	"000116B6"	"dialogue"	"　　　　　　　
ウェルズ　　　
"	"Wells"	"いままで　だまっていた　ことなんだが　
じつは　やくしょのおくの　ほかんしつに
あかずのとびらが　あるんじゃ。"	"I've never mentioned it before, but in the city hall there's a locked storeroom. Perhaps you will be able to open it, somehow."
"0000EE03"	"74EE"	"000116EE"	"dialogue"	"　　　　　　　
ホイットマン　
"	"Whitman"	"やはり　ちかどうの　いずみは　トリック
か・・・？"	"As I suspected, the underground spring was a trick."
"0000EE07"	"7508"	"00011708"	"dialogue"	"　　　　　　　
ホイットマン　
"	"Whitman"	"ブラウニングいちぞくは　いったいどこか
ら　あらわれたのか・・・？
もくてきは・・・？"	"Where did the Browning family come from? Why did they come here...?"
"0000EE0B"	"7534"	"00011734"	"dialogue"	"　　　　　　　
ホイットマン　
"	"Whitman"	"・・・"	"..."
"0000EE0F"	"7538"	"00011738"	"dialogue"	"　　　　　　　
ピ―タ―　　　
"	"Peter"	"クリ―チャ―どもを　はやく　かたづけて
くれよ。"	"Get rid of those damned creatures, you hear?"
"0000EE13"	"7551"	"00011751"	"dialogue"	"　　　　　　　
ピ―タ―　　　
"	"Peter"	"そう　きを　おとすな・・・"	"I know it's tough, but keep it together..."
"0000EE17"	"755F"	"0001175F"	"dialogue"	"　　　　　　　
オマド―ン　　
"	"Omadon"	"でんせつの　６つのひかりをもつ　えいゆ
うが　おまえのような　おんなのことして
ふっかつ　するとわな。"	"The Legendary Hero, Wielder of the Six Lights, has reincarnated into our world as a brave young lady."
"0000EE1B"	"7593"	"00011793"	"dialogue"	"　　　　　　　
オマド―ン　　
"	"Omadon"	"ライラ　きを　おとすな・・・"	"Do not lose hope, Lila..."
"0000EE1F"	"75A2"	"000117A2"	"dialogue"	"　　　　　　　
フラン　　　　
"	"Fran"	"がんばってね。"	"Do your best."
"0000EE23"	"75AA"	"000117AA"	"dialogue"	"　　　　　　　
フラン　　　　
"	"Fran"	"・・・"	"..."
"0000EE27"	"75AE"	"000117AE"	"dialogue"	"　　　　　　　
キャメロン　　
"	"Cameron"	"ほらっ　トランキライザ―だ。　もってい
きな。　ところで　キャッスルは　どうし
たんだ。　いせきに　いったきり・・・"	"Here, take these tranquillizers. Did you manage to find Castle? He went off to investigate the ruins..."
"0000EE2B"	"75E9"	"000117E9"	"dialogue"	"　　　　　　　
キャメロン　　
"	"Cameron"	"キャッスルも　やられたのか。"	"I see... Castle is dead..."
"0000EE2F"	"75F8"	"000117F8"	"dialogue"	"　　　　　　　
キャメロン　　
"	"Cameron"	"ライラ。　クロネンバ―グのしを　むだに
するな。"	"Lila... Don't let Cronenberg's death be in vain."
"0000EE33"	"7611"	"00011811"	"dialogue"	"　　　　　　　
キャメロン　　
"	"Cameron"	"がんばれよ！"	"Keep it up!"
"0000EE37"	"7618"	"00011818"	"dialogue"	"　　　　　　　
クロネンバ―グ
"	"Cronenberg"	"ライラ　がんばるのよ。"	"Do your best, Lila."
"0000EE3B"	"7624"	"00011824"	"dialogue"	"　　　　　　　
クロネンバ―グ
"	"Cronenberg"	"さいごの　ちからで　あなたに・・・ＰＳ
しょりを　かけてみるわ・・・"	"I have little strength left... I'm going to use my PS REM on you..."
"0000EE3F"	"7647"	"00011847"	"dialogue"	"　　　　　　　
クロネンバ―グ
"	"Cronenberg"	"これで　あなたの　ＰＳのうりょくは・・
・　よりこうかてきに・・・うつ・・・ラ
イラ・・・"	"Your PS should be even stronger now... Farewell... Lila......"
"0000EE43"	"7675"	"00011875"	"dialogue"	"　　　　　　　
クロネンバ―グ
"	"Cronenberg"	"かのじょは　やすらかなねむりについた。"	"*She is resting in peace...*"
"0000EE47"	"7689"	"00011889"	"dialogue"	"　　　　　　　
スティ―ブン　
"	"Stephen"	"ライラさんのけんとうを　いのってます。"	"We will pray for your success."
"0000EE4B"	"769D"	"0001189D"	"dialogue"	"　　　　　　　
キャスル　　　
"	"Castle"	"クリ―チャ―にやられた　キャッスルのし
たいが　あった・・・。　そして　かれの
そばには　バズ―カが　あった。"	"*It's Castle's corpse... He must have been killed by the creatures. There is a bazooka near his body.*"
"0000EE4F"	"76D5"	"000118D5"	"dialogue"	"　　　　　　　
キャスル　　　
"	"Castle"	"そこには　キャッスルの　したいがある。"	"*It's Castle's corpse.*"
"0000EE53"	"76E9"	"000118E9"	"dialogue"			"ドアは　とじている。"	"The door is closed."
"0000EE57"	"76F4"	"000118F4"	"dialogue"			"ドアが　ひらいた！"	"The door is opened!"
"0000EE5B"	"76FE"	"000118FE"	"dialogue"			"としょかんあとの　ようだ。"	"It looks like the remains of a library."
"0000EE5F"	"770C"	"0001190C"	"dialogue"			"かたくとざされた　とびらがある。　この
さきが　よみのみち　なのだろうか？"	"It's a very sturdy looking door. Could the underworld lie just ahead?"
"0000EE63"	"7732"	"00011932"	"dialogue"			"５つめの　メダリオンを　てにいれた。"	"I got the fifth medallion."
"0000EE67"	"7745"	"00011945"	"dialogue"			"ＭＡＸ―ＭＦちが　２５５になった！"	"Max MF up to 255!"
"0000EE6B"	"7757"	"00011957"	"dialogue"			"パスワ―ドを　みますか？
　みる(ＰＡＳＳＷＯＲＤ)
　みない(ＣＯＮＴＩＮＵＥ)"	"View the password?[FE][FE][FE]   Yes (PASSWORD)[FE][FE]   No (CONTINUE)"
"0000EE6F"	"7781"	"00011981"	"dialogue"	"　　　　　　　
カ―ペンタ―　
"	"Carpenter"	"よくごぶじで。"	"I'm glad you're well."
"0000EE73"	"7789"	"00011989"	"dialogue"	"　　　　　　　
カ―ペンタ―　
"	"Carpenter"	"きょうかいに　こんなものが？"	"I never thought it might have been in the church..."
"0000EE77"	"7798"	"00011998"	"dialogue"	"　　　　　　　
カ―ペンタ―　
"	"Carpenter"	"かみのごかごが　ありますことを。　やは
り　いじげんのいりぐちは　いせきでした
か。　ライラさん　いそいでください。"	"The ruins are a portal to another world. Lila, you must hurry. God bless you, child."
"0000EE7B"	"77D3"	"000119D3"	"dialogue"	"　　　　　　　
キャリ―　　　
"	"Carrie"	"しなないでね。"	"Don't die, okay?"
"0000EE7F"	"77DB"	"000119DB"	"dialogue"	"　　　　　　　
キャリ―　　　
"	"Carrie"	"６つ　そろったわね。"	"You finally have all six."
"0000EE83"	"77E6"	"000119E6"	"dialogue"	"　　　　　　　
フランクリン　
"	"Franklin"	"がんばれよ！"	"Give it your best shot!"
"0000EE87"	"77ED"	"000119ED"	"dialogue"	"　　　　　　　
ジャネツト　　
"	"Janet"	"わたしたちが　いきのこらなければ・・・"	"We have to survive, for her sake as well..."
"0000EE8B"	"7801"	"00011A01"	"dialogue"	"　　　　　　　
ジャネツト　　
"	"Janet"	"ちずをみると　いままでの　５つのメダリ
オンが　ブラウニングの　もんしょうの　
かたちに・・・　えっ？　キャロル　なに
を　もっているの？"	"When you look at the map, the five medallions you found form the shape of the Browning Crest... Oh? I think Carol wants to give you something."
"0000EE8F"	"7847"	"00011A47"	"dialogue"	"　　　　　　　
ジャネツト　　
"	"Janet"	"キャロルの　ためにも　がんばって。"	"Do your best, for Carol's sake as well."
"0000EE93"	"7859"	"00011A59"	"dialogue"	"　　　　　　　
キャロル　　　
"	"Carol"	"おうちに　かえりたい。"	"I wanna go home."
"0000EE97"	"7865"	"00011A65"	"dialogue"	"　　　　　　　
キャロル　　　
"	"Carol"	"このじゅうじかをもって　たたかって。"	"Please, take this cross with you..."
"0000EE9B"	"7878"	"00011A78"	"dialogue"	"　　　　　　　
キャロル　　　
"	"Carol"	"がんばってね。"	"Do your best."
"0000EE9F"	"7880"	"00011A80"	"dialogue"	"　　　　　　　
サンドラ　　　
"	"Sandra"	"くすりですか？　どうぞ。"	"Do you need any medicine? Here you go."
"0000EEA3"	"788D"	"00011A8D"	"dialogue"	"　　　　　　　
パトリック　　
"	"Patrick"	"きぼうを　おれたちに　みせてくれ！"	"You are our last hope!"
"0000EEA7"	"789F"	"00011A9F"	"dialogue"	"　　　　　　　
ウェルズ　　　
"	"Wells"	"このまちをすくえるのは　あんただけだ。
がんばってくれ。"	"Only you can save this town. Good luck."
"0000EEAB"	"78BC"	"00011ABC"	"dialogue"	"　　　　　　　
ホイットマン　
"	"Whitman"	"のこりのメダリオンは　いったいどこに？"	"Where could the last medallion be?"
"0000EEAF"	"78D0"	"00011AD0"	"dialogue"	"　　　　　　　
ホイットマン　
"	"Whitman"	"こうじで　６つのもんしょうの　しるしが
くずされたために　いじげんのいりぐちが
ひらいて　しまったんだ。"	"The construction work for the resort broke the pattern of the Crest and opened the rift..."
"0000EEB3"	"7905"	"00011B05"	"dialogue"	"　　　　　　　
ピ―タ―　　　
"	"Peter"	"しぬなよ！"	"Don't you die out there!"
"0000EEB7"	"790B"	"00011B0B"	"dialogue"	"　　　　　　　
オマド―ン　　
"	"Omadon"	"あと１つで　６つのひかりが　そろうわけ
じゃな。"	"Only one more, and the Six Lights will once again be gathered."
"0000EEBB"	"7924"	"00011B24"	"dialogue"	"　　　　　　　
オマド―ン　　
"	"Omadon"	"６つのひかりが　そろったいま　じゃあく
な　よみのみちを　もういちど　ふういん
するのじゃ。"	"Now that the Six Lights are gathered, the underworld must once again be sealed."
"0000EEBF"	"7953"	"00011B53"	"dialogue"	"　　　　　　　
フラン　　　　
"	"Fran"	"がんばってね。"	"Do your best."
"0000EEC3"	"795B"	"00011B5B"	"dialogue"	"　　　　　　　
キャメロン　　
"	"Cameron"	"しぬなよ！"	"Don't you die out there!"
"0000EEC7"	"7961"	"00011B61"	"dialogue"	"　　　　　　　
クロネンバ―グ
"	"Cronenberg"	"そこには　クロネンバ―グの　したいがあ
る。"	"*It's Cronenberg's corpse.*"
"0000EECB"	"7978"	"00011B78"	"dialogue"	"　　　　　　　
スティ―ブン　
"	"Stephen"	"しょうりを　いのってます。"	"I pray for your victory."
"0000EECF"	"7986"	"00011B86"	"dialogue"			"そこには　じゅうじかが　ある。"	"You see the cross."
"0000EED3"	"7996"	"00011B96"	"dialogue"			"そのじゅうじかが　ひかりを　はなちはじ
めた。"	"The cross began to glow."
"0000EED7"	"79AE"	"00011BAE"	"dialogue"			"じゅうじかの　なかから　メダリオンが　
みつかった。"	"You notice that the medallion is inside the cross."
"0000EEDB"	"79C9"	"00011BC9"	"dialogue"			"おともなく　ひかりはおさまった。"	"The light slowly fades away."
"0000EEDF"	"79DA"	"00011BDA"	"dialogue"			"どこからか　こえが　きこえてきた。
６つのひかりで　よみのみちを　ふういん
せよ。"	"You can hear a voice from somewhere... ""Seal the path to the underworld with the Six Lights""."
"0000EEE3"	"7A04"	"00011C04"	"dialogue"			"としょかんあとの　ようだ。"	"It looks like the remains of a library."
"0000EEE7"	"7A12"	"00011C12"	"dialogue"			"ここが　よみのみちの　ようだ。"	"This must be the path to the underworld."
"0000EEEB"	"7A22"	"00011C22"	"dialogue"			"ついに　よみのみちへの　いりぐちは　ひ
らかれた。"	"The path to the underworld is now open."
"0000EEEF"	"7A3C"	"00011C3C"	"dialogue"			"パスワ―ドを　みますか？
　みる(ＰＡＳＳＷＯＲＤ)
　みない(ＣＯＮＴＩＮＵＥ)"	"View the password?[FE][FE][FE]   Yes (PASSWORD)[FE][FE]   No (CONTINUE)"
"0000EEF3"	"7A66"	"00011C66"	"dialogue"	"　　　　　　　
サンドラ　　　
"	"Sandra"	"がんばって　くださいね。"	"Please, give it your all."
"0000E4A7"	"7A73"	"00011C73"	"other"			"しょくりょう　を　てにいれた。"	"I got rations."
"0000E4A9"	"7A83"	"00011C83"	"other"			"いやくひん　を　てにいれた。"	"I got medicine."
"0000E4AB"	"7A92"	"00011C92"	"other"			"トランキライザ―　を　てにいれた。"	"I got tranquilizers."
"0000E4AD"	"7AA4"	"00011CA4"	"other"			"だんやく　を　てにいれた。"	"I got ammunition."
"0000E4AF"	"7AB2"	"00011CB2"	"other"			"はは　の　しゃしん　を　てにいれた。"	"I got mom's photo."
"0000E4B1"	"7AC5"	"00011CC5"	"other"			"だい２のカギ　を　てにいれた。"	"I got key to second floor."
"0000E4B3"	"7AD5"	"00011CD5"	"other"			"むせんき　を　てにいれた。"	"I got a radio."
"0000E4B5"	"7AE3"	"00011CE3"	"other"			"メダリオンＢ　を　てにいれた。"	"I got medallion B."
"0000E4B7"	"7AF3"	"00011CF3"	"other"			"メダリオンＤ　を　てにいれた。"	"I got medallion D."
"0000E4B9"	"7B03"	"00011D03"	"other"			"メダリオンＦ　を　てにいれた。"	"I got medallion F."
"0000E4BB"	"7B13"	"00011D13"	"other"			"ライフル　を　てにいれた。"	"I got a rifle."
"0000E4BD"	"7B21"	"00011D21"	"other"			"バズ―カ　を　てにいれた。"	"I got a bazooka."
"0000E4BF"	"7B2F"	"00011D2F"	"other"			"ショットガン　を　てにいれた。"	"I got a shotgun."
"0000E4C1"	"7B3F"	"00011D3F"	"other"			"マシンガン　を　てにいれた。"	"I got a machinegun."
"0000E4C3"	"7B4E"	"00011D4E"	"other"			"グレネ―ドランチャ―　を　てにいれた。"	"I got a grenade launcher."
"0000E4C5"	"7B62"	"00011D62"	"other"			"フレイムスロ―ワ―　を　てにいれた。"	"I got a flamethrower."
"0000E4C7"	"7B75"	"00011D75"	"other"			"カギ　を　てにいれた。"	"I got a key."
"0000E4C9"	"7B81"	"00011D81"	"other"			"はしご　を　てにいれた。"	"I got a ladder."
"0000E4CB"	"7B8E"	"00011D8E"	"other"			"おまもり　を　てにいれた。"	"I got a charm."
"0000E4CD"	"7B9C"	"00011D9C"	"other"			"ア―マ―　を　てにいれた。"	"I got armor."
"0000E4CF"	"7BAA"	"00011DAA"	"other"			"メダリオンＡ　を　てにいれた。"	"I got medallion A."
"0000E4D1"	"7BBA"	"00011DBA"	"other"			"メダリオンＣ　を　てにいれた。"	"I got medallion C."
"0000E4D3"	"7BCA"	"00011DCA"	"other"			"メダリオンＥ　を　てにいれた。"	"I got medallion E."
"0000E4D5"	"7BDA"	"00011DDA"	"other"			"ライト　を　てにいれた。"	"I got a flashlight."
"0000E4D7"	"7BE7"	"00011DE7"	"other"			"ガスマスク　を　てにいれた。"	"I got a gas mask."
"0000E4D9"	"7BF6"	"00011DF6"	"other"				
